Project,File,Folder,Absolute path,Role,Destination,Status
African Markets and Business Credit,Part 1 - African Capital and Kenya.md,C:/Users/Nevo/Downloads/financial material/African Markets and Business Credit/LinkedIn Articles,C:/Users/Nevo/Downloads/financial material/African Markets and Business Credit/LinkedIn Articles/Part 1 - African Capital and Kenya.md,Long-form article,LinkedIn; Substack; Medium; Facebook adaptation,Retained existing file
African Markets and Business Credit,Part 2 - Business Credit and Fintech.md,C:/Users/Nevo/Downloads/financial material/African Markets and Business Credit/LinkedIn Articles,C:/Users/Nevo/Downloads/financial material/African Markets and Business Credit/LinkedIn Articles/Part 2 - Business Credit and Fintech.md,Long-form article,LinkedIn; Substack; Medium; Facebook adaptation,Retained existing file
African Markets and Business Credit,Research Questions.md,C:/Users/Nevo/Downloads/financial material/African Markets and Business Credit/LinkedIn Articles,C:/Users/Nevo/Downloads/financial material/African Markets and Business Credit/LinkedIn Articles/Research Questions.md,Research record or supporting data,Research and reproducibility,Retained existing file
African Markets and Business Credit,why are African investors bullish on Kenya e.md,C:/Users/Nevo/Downloads/financial material/African Markets and Business Credit,C:/Users/Nevo/Downloads/financial material/African Markets and Business Credit/why are African investors bullish on Kenya e.md,Original topic manuscript,Research source,Retained existing file
International Investing and Diaspora Finance,Discuss all the tax benefits of Irish based UCITs both acc.md,C:/Users/Nevo/Downloads/financial material/International Investing and Diaspora Finance,C:/Users/Nevo/Downloads/financial material/International Investing and Diaspora Finance/Discuss all the tax benefits of Irish based UCITs both acc.md,Original topic manuscript,Research source,Retained existing file
International Investing and Diaspora Finance,build_flowcharts.py,C:/Users/Nevo/Downloads/financial material/International Investing and Diaspora Finance/LinkedIn Articles,C:/Users/Nevo/Downloads/financial material/International Investing and Diaspora Finance/LinkedIn Articles/build_flowcharts.py,Research record or supporting data,Research and reproducibility,Retained existing file
International Investing and Diaspora Finance,finalize_series.py,C:/Users/Nevo/Downloads/financial material/International Investing and Diaspora Finance/LinkedIn Articles,C:/Users/Nevo/Downloads/financial material/International Investing and Diaspora Finance/LinkedIn Articles/finalize_series.py,Research record or supporting data,Research and reproducibility,Retained existing file
International Investing and Diaspora Finance,01-dividend-path.mmd,C:/Users/Nevo/Downloads/financial material/International Investing and Diaspora Finance/LinkedIn Articles/Flowcharts,C:/Users/Nevo/Downloads/financial material/International Investing and Diaspora Finance/LinkedIn Articles/Flowcharts/01-dividend-path.mmd,Figure or editable diagram source,Article illustration; YouTube evidence asset,Retained existing file
International Investing and Diaspora Finance,01-dividend-path.png,C:/Users/Nevo/Downloads/financial material/International Investing and Diaspora Finance/LinkedIn Articles/Flowcharts,C:/Users/Nevo/Downloads/financial material/International Investing and Diaspora Finance/LinkedIn Articles/Flowcharts/01-dividend-path.png,Figure or editable diagram source,Article illustration; YouTube evidence asset,Retained existing file
International Investing and Diaspora Finance,02-investment-decision.mmd,C:/Users/Nevo/Downloads/financial material/International Investing and Diaspora Finance/LinkedIn Articles/Flowcharts,C:/Users/Nevo/Downloads/financial material/International Investing and Diaspora Finance/LinkedIn Articles/Flowcharts/02-investment-decision.mmd,Figure or editable diagram source,Article illustration; YouTube evidence asset,Retained existing file
International Investing and Diaspora Finance,02-investment-decision.png,C:/Users/Nevo/Downloads/financial material/International Investing and Diaspora Finance/LinkedIn Articles/Flowcharts,C:/Users/Nevo/Downloads/financial material/International Investing and Diaspora Finance/LinkedIn Articles/Flowcharts/02-investment-decision.png,Figure or editable diagram source,Article illustration; YouTube evidence asset,Retained existing file
International Investing and Diaspora Finance,03-residence-analysis.mmd,C:/Users/Nevo/Downloads/financial material/International Investing and Diaspora Finance/LinkedIn Articles/Flowcharts,C:/Users/Nevo/Downloads/financial material/International Investing and Diaspora Finance/LinkedIn Articles/Flowcharts/03-residence-analysis.mmd,Figure or editable diagram source,Article illustration; YouTube evidence asset,Retained existing file
International Investing and Diaspora Finance,03-residence-analysis.png,C:/Users/Nevo/Downloads/financial material/International Investing and Diaspora Finance/LinkedIn Articles/Flowcharts,C:/Users/Nevo/Downloads/financial material/International Investing and Diaspora Finance/LinkedIn Articles/Flowcharts/03-residence-analysis.png,Figure or editable diagram source,Article illustration; YouTube evidence asset,Retained existing file
International Investing and Diaspora Finance,04-relocation-review.mmd,C:/Users/Nevo/Downloads/financial material/International Investing and Diaspora Finance/LinkedIn Articles/Flowcharts,C:/Users/Nevo/Downloads/financial material/International Investing and Diaspora Finance/LinkedIn Articles/Flowcharts/04-relocation-review.mmd,Figure or editable diagram source,Article illustration; YouTube evidence asset,Retained existing file
International Investing and Diaspora Finance,04-relocation-review.png,C:/Users/Nevo/Downloads/financial material/International Investing and Diaspora Finance/LinkedIn Articles/Flowcharts,C:/Users/Nevo/Downloads/financial material/International Investing and Diaspora Finance/LinkedIn Articles/Flowcharts/04-relocation-review.png,Figure or editable diagram source,Article illustration; YouTube evidence asset,Retained existing file
International Investing and Diaspora Finance,05-money-routes.mmd,C:/Users/Nevo/Downloads/financial material/International Investing and Diaspora Finance/LinkedIn Articles/Flowcharts,C:/Users/Nevo/Downloads/financial material/International Investing and Diaspora Finance/LinkedIn Articles/Flowcharts/05-money-routes.mmd,Figure or editable diagram source,Article illustration; YouTube evidence asset,Retained existing file
International Investing and Diaspora Finance,05-money-routes.png,C:/Users/Nevo/Downloads/financial material/International Investing and Diaspora Finance/LinkedIn Articles/Flowcharts,C:/Users/Nevo/Downloads/financial material/International Investing and Diaspora Finance/LinkedIn Articles/Flowcharts/05-money-routes.png,Figure or editable diagram source,Article illustration; YouTube evidence asset,Retained existing file
International Investing and Diaspora Finance,06-withdrawal-sequence.mmd,C:/Users/Nevo/Downloads/financial material/International Investing and Diaspora Finance/LinkedIn Articles/Flowcharts,C:/Users/Nevo/Downloads/financial material/International Investing and Diaspora Finance/LinkedIn Articles/Flowcharts/06-withdrawal-sequence.mmd,Figure or editable diagram source,Article illustration; YouTube evidence asset,Retained existing file
International Investing and Diaspora Finance,06-withdrawal-sequence.png,C:/Users/Nevo/Downloads/financial material/International Investing and Diaspora Finance/LinkedIn Articles/Flowcharts,C:/Users/Nevo/Downloads/financial material/International Investing and Diaspora Finance/LinkedIn Articles/Flowcharts/06-withdrawal-sequence.png,Figure or editable diagram source,Article illustration; YouTube evidence asset,Retained existing file
International Investing and Diaspora Finance,contact-sheet.png,C:/Users/Nevo/Downloads/financial material/International Investing and Diaspora Finance/LinkedIn Articles/Flowcharts,C:/Users/Nevo/Downloads/financial material/International Investing and Diaspora Finance/LinkedIn Articles/Flowcharts/contact-sheet.png,Figure or editable diagram source,Figure review reference,Retained existing file
International Investing and Diaspora Finance,Part 1 - Choosing the Investment.md,C:/Users/Nevo/Downloads/financial material/International Investing and Diaspora Finance/LinkedIn Articles,C:/Users/Nevo/Downloads/financial material/International Investing and Diaspora Finance/LinkedIn Articles/Part 1 - Choosing the Investment.md,Long-form article,LinkedIn; Substack; Medium,Retained existing file
International Investing and Diaspora Finance,Part 2 - When the Investor Moves.md,C:/Users/Nevo/Downloads/financial material/International Investing and Diaspora Finance/LinkedIn Articles,C:/Users/Nevo/Downloads/financial material/International Investing and Diaspora Finance/LinkedIn Articles/Part 2 - When the Investor Moves.md,Long-form article,LinkedIn; Substack; Medium,Retained existing file
International Investing and Diaspora Finance,Part 3 - Moving Money with Purpose.md,C:/Users/Nevo/Downloads/financial material/International Investing and Diaspora Finance/LinkedIn Articles,C:/Users/Nevo/Downloads/financial material/International Investing and Diaspora Finance/LinkedIn Articles/Part 3 - Moving Money with Purpose.md,Long-form article,LinkedIn; Substack; Medium,Retained existing file
International Investing and Diaspora Finance,README.md,C:/Users/Nevo/Downloads/financial material/International Investing and Diaspora Finance/LinkedIn Articles,C:/Users/Nevo/Downloads/financial material/International Investing and Diaspora Finance/LinkedIn Articles/README.md,Research record or supporting data,Research and reproducibility,Retained existing file
International Investing and Diaspora Finance,report-source.md,C:/Users/Nevo/Downloads/financial material/International Investing and Diaspora Finance/LinkedIn Articles,C:/Users/Nevo/Downloads/financial material/International Investing and Diaspora Finance/LinkedIn Articles/report-source.md,Research record or supporting data,Research and reproducibility,Retained existing file
International Investing and Diaspora Finance,verification.json,C:/Users/Nevo/Downloads/financial material/International Investing and Diaspora Finance/LinkedIn Articles,C:/Users/Nevo/Downloads/financial material/International Investing and Diaspora Finance/LinkedIn Articles/verification.json,Research record or supporting data,Research and reproducibility,Retained existing file
International Investing and Diaspora Finance,verify_articles.py,C:/Users/Nevo/Downloads/financial material/International Investing and Diaspora Finance/LinkedIn Articles,C:/Users/Nevo/Downloads/financial material/International Investing and Diaspora Finance/LinkedIn Articles/verify_articles.py,Research record or supporting data,Research and reproducibility,Retained existing file
International Investing and Diaspora Finance,spym stock.md,C:/Users/Nevo/Downloads/financial material/International Investing and Diaspora Finance,C:/Users/Nevo/Downloads/financial material/International Investing and Diaspora Finance/spym stock.md,Original topic manuscript,Research source,Retained existing file
Kenyan Equities and Company Analysis,Dividenf yield for various tickers across different counters.md,C:/Users/Nevo/Downloads/financial material/Kenyan Equities and Company Analysis,C:/Users/Nevo/Downloads/financial material/Kenyan Equities and Company Analysis/Dividenf yield for various tickers across different counters.md,Original topic manuscript,Research source,Retained existing file
Kenyan Equities and Company Analysis,Appendix 1 - Income and Bill Mathematics.md,C:/Users/Nevo/Downloads/financial material/Kenyan Equities and Company Analysis/Four Part Series/Appendices,C:/Users/Nevo/Downloads/financial material/Kenyan Equities and Company Analysis/Four Part Series/Appendices/Appendix 1 - Income and Bill Mathematics.md,Technical appendix or formula dictionary,Companion material; YouTube appendix,Retained existing file
Kenyan Equities and Company Analysis,Appendix 2 - Statements and Valuation Mathematics.md,C:/Users/Nevo/Downloads/financial material/Kenyan Equities and Company Analysis/Four Part Series/Appendices,C:/Users/Nevo/Downloads/financial material/Kenyan Equities and Company Analysis/Four Part Series/Appendices/Appendix 2 - Statements and Valuation Mathematics.md,Technical appendix or formula dictionary,Companion material; YouTube appendix,Retained existing file
Kenyan Equities and Company Analysis,Appendix 3 - Portfolio Mathematics and Implementation.md,C:/Users/Nevo/Downloads/financial material/Kenyan Equities and Company Analysis/Four Part Series/Appendices,C:/Users/Nevo/Downloads/financial material/Kenyan Equities and Company Analysis/Four Part Series/Appendices/Appendix 3 - Portfolio Mathematics and Implementation.md,Technical appendix or formula dictionary,Companion material; YouTube appendix,Retained existing file
Kenyan Equities and Company Analysis,Appendix 4 - Compounding and Simulation Mathematics.md,C:/Users/Nevo/Downloads/financial material/Kenyan Equities and Company Analysis/Four Part Series/Appendices,C:/Users/Nevo/Downloads/financial material/Kenyan Equities and Company Analysis/Four Part Series/Appendices/Appendix 4 - Compounding and Simulation Mathematics.md,Technical appendix or formula dictionary,Companion material; YouTube appendix,Retained existing file
Kenyan Equities and Company Analysis,01-income-flow.png,C:/Users/Nevo/Downloads/financial material/Kenyan Equities and Company Analysis/Four Part Series/Figures,C:/Users/Nevo/Downloads/financial material/Kenyan Equities and Company Analysis/Four Part Series/Figures/01-income-flow.png,Figure or editable diagram source,Article illustration; YouTube evidence asset,Retained existing file
Kenyan Equities and Company Analysis,02-bill-flow.png,C:/Users/Nevo/Downloads/financial material/Kenyan Equities and Company Analysis/Four Part Series/Figures,C:/Users/Nevo/Downloads/financial material/Kenyan Equities and Company Analysis/Four Part Series/Figures/02-bill-flow.png,Figure or editable diagram source,Article illustration; YouTube evidence asset,Retained existing file
Kenyan Equities and Company Analysis,03-statements-flow.png,C:/Users/Nevo/Downloads/financial material/Kenyan Equities and Company Analysis/Four Part Series/Figures,C:/Users/Nevo/Downloads/financial material/Kenyan Equities and Company Analysis/Four Part Series/Figures/03-statements-flow.png,Figure or editable diagram source,Article illustration; YouTube evidence asset,Retained existing file
Kenyan Equities and Company Analysis,04-dcf-sensitivity.png,C:/Users/Nevo/Downloads/financial material/Kenyan Equities and Company Analysis/Four Part Series/Figures,C:/Users/Nevo/Downloads/financial material/Kenyan Equities and Company Analysis/Four Part Series/Figures/04-dcf-sensitivity.png,Figure or editable diagram source,Article illustration; YouTube evidence asset,Retained existing file
Kenyan Equities and Company Analysis,05-policy-weights.png,C:/Users/Nevo/Downloads/financial material/Kenyan Equities and Company Analysis/Four Part Series/Figures,C:/Users/Nevo/Downloads/financial material/Kenyan Equities and Company Analysis/Four Part Series/Figures/05-policy-weights.png,Figure or editable diagram source,Article illustration; YouTube evidence asset,Retained existing file
Kenyan Equities and Company Analysis,06-portfolio-search.png,C:/Users/Nevo/Downloads/financial material/Kenyan Equities and Company Analysis/Four Part Series/Figures,C:/Users/Nevo/Downloads/financial material/Kenyan Equities and Company Analysis/Four Part Series/Figures/06-portfolio-search.png,Figure or editable diagram source,Article illustration; YouTube evidence asset,Retained existing file
Kenyan Equities and Company Analysis,07-simulation-ranges.png,C:/Users/Nevo/Downloads/financial material/Kenyan Equities and Company Analysis/Four Part Series/Figures,C:/Users/Nevo/Downloads/financial material/Kenyan Equities and Company Analysis/Four Part Series/Figures/07-simulation-ranges.png,Figure or editable diagram source,Article illustration; YouTube evidence asset,Retained existing file
Kenyan Equities and Company Analysis,08-savings-sensitivity.png,C:/Users/Nevo/Downloads/financial material/Kenyan Equities and Company Analysis/Four Part Series/Figures,C:/Users/Nevo/Downloads/financial material/Kenyan Equities and Company Analysis/Four Part Series/Figures/08-savings-sensitivity.png,Figure or editable diagram source,Article illustration; YouTube evidence asset,Retained existing file
Kenyan Equities and Company Analysis,Part 1 - Building an Income and Research Universe.md,C:/Users/Nevo/Downloads/financial material/Kenyan Equities and Company Analysis/Four Part Series,C:/Users/Nevo/Downloads/financial material/Kenyan Equities and Company Analysis/Four Part Series/Part 1 - Building an Income and Research Universe.md,Long-form article,LinkedIn; Substack; Medium,Retained existing file
Kenyan Equities and Company Analysis,Part 2 - Reading Businesses and Estimating Value.md,C:/Users/Nevo/Downloads/financial material/Kenyan Equities and Company Analysis/Four Part Series,C:/Users/Nevo/Downloads/financial material/Kenyan Equities and Company Analysis/Four Part Series/Part 2 - Reading Businesses and Estimating Value.md,Long-form article,LinkedIn; Substack; Medium,Retained existing file
Kenyan Equities and Company Analysis,Part 3 - Constructing Portfolios with a Purpose.md,C:/Users/Nevo/Downloads/financial material/Kenyan Equities and Company Analysis/Four Part Series,C:/Users/Nevo/Downloads/financial material/Kenyan Equities and Company Analysis/Four Part Series/Part 3 - Constructing Portfolios with a Purpose.md,Long-form article,LinkedIn; Substack; Medium,Retained existing file
Kenyan Equities and Company Analysis,Part 4 - Compounding Through Uncertain Markets.md,C:/Users/Nevo/Downloads/financial material/Kenyan Equities and Company Analysis/Four Part Series,C:/Users/Nevo/Downloads/financial material/Kenyan Equities and Company Analysis/Four Part Series/Part 4 - Compounding Through Uncertain Markets.md,Long-form article,LinkedIn; Substack; Medium,Retained existing file
Kenyan Equities and Company Analysis,README.md,C:/Users/Nevo/Downloads/financial material/Kenyan Equities and Company Analysis/Four Part Series,C:/Users/Nevo/Downloads/financial material/Kenyan Equities and Company Analysis/Four Part Series/README.md,Research record or supporting data,Research and reproducibility,Retained existing file
Kenyan Equities and Company Analysis,01-Screening-and-Income-formula-audit.csv,C:/Users/Nevo/Downloads/financial material/Kenyan Equities and Company Analysis/Four Part Series/Research,C:/Users/Nevo/Downloads/financial material/Kenyan Equities and Company Analysis/Four Part Series/Research/01-Screening-and-Income-formula-audit.csv,Research record or supporting data,Research and reproducibility,Retained existing file
Kenyan Equities and Company Analysis,02-Statements-and-Valuation-formula-audit.csv,C:/Users/Nevo/Downloads/financial material/Kenyan Equities and Company Analysis/Four Part Series/Research,C:/Users/Nevo/Downloads/financial material/Kenyan Equities and Company Analysis/Four Part Series/Research/02-Statements-and-Valuation-formula-audit.csv,Research record or supporting data,Research and reproducibility,Retained existing file
Kenyan Equities and Company Analysis,03-Portfolio-Construction-formula-audit.csv,C:/Users/Nevo/Downloads/financial material/Kenyan Equities and Company Analysis/Four Part Series/Research,C:/Users/Nevo/Downloads/financial material/Kenyan Equities and Company Analysis/Four Part Series/Research/03-Portfolio-Construction-formula-audit.csv,Research record or supporting data,Research and reproducibility,Retained existing file
Kenyan Equities and Company Analysis,04-Compounding-and-Simulation-formula-audit.csv,C:/Users/Nevo/Downloads/financial material/Kenyan Equities and Company Analysis/Four Part Series/Research,C:/Users/Nevo/Downloads/financial material/Kenyan Equities and Company Analysis/Four Part Series/Research/04-Compounding-and-Simulation-formula-audit.csv,Research record or supporting data,Research and reproducibility,Retained existing file
Kenyan Equities and Company Analysis,article_citation_map.json,C:/Users/Nevo/Downloads/financial material/Kenyan Equities and Company Analysis/Four Part Series/Research,C:/Users/Nevo/Downloads/financial material/Kenyan Equities and Company Analysis/Four Part Series/Research/article_citation_map.json,Research record or supporting data,Research and reproducibility,Retained existing file
Kenyan Equities and Company Analysis,issuer_directory.json,C:/Users/Nevo/Downloads/financial material/Kenyan Equities and Company Analysis/Four Part Series/Research,C:/Users/Nevo/Downloads/financial material/Kenyan Equities and Company Analysis/Four Part Series/Research/issuer_directory.json,Research record or supporting data,Research and reproducibility,Retained existing file
Kenyan Equities and Company Analysis,portfolio_results.json,C:/Users/Nevo/Downloads/financial material/Kenyan Equities and Company Analysis/Four Part Series/Research,C:/Users/Nevo/Downloads/financial material/Kenyan Equities and Company Analysis/Four Part Series/Research/portfolio_results.json,Research record or supporting data,Research and reproducibility,Retained existing file
Kenyan Equities and Company Analysis,References.md,C:/Users/Nevo/Downloads/financial material/Kenyan Equities and Company Analysis/Four Part Series/Research,C:/Users/Nevo/Downloads/financial material/Kenyan Equities and Company Analysis/Four Part Series/Research/References.md,Research record or supporting data,Research and reproducibility,Retained existing file
Kenyan Equities and Company Analysis,reproduce_models.py,C:/Users/Nevo/Downloads/financial material/Kenyan Equities and Company Analysis/Four Part Series/Research,C:/Users/Nevo/Downloads/financial material/Kenyan Equities and Company Analysis/Four Part Series/Research/reproduce_models.py,Research record or supporting data,Research and reproducibility,Retained existing file
Kenyan Equities and Company Analysis,Reproduction Guide.md,C:/Users/Nevo/Downloads/financial material/Kenyan Equities and Company Analysis/Four Part Series/Research,C:/Users/Nevo/Downloads/financial material/Kenyan Equities and Company Analysis/Four Part Series/Research/Reproduction Guide.md,Research record or supporting data,Research and reproducibility,Retained existing file
Kenyan Equities and Company Analysis,Research Questions and Coverage.md,C:/Users/Nevo/Downloads/financial material/Kenyan Equities and Company Analysis/Four Part Series/Research,C:/Users/Nevo/Downloads/financial material/Kenyan Equities and Company Analysis/Four Part Series/Research/Research Questions and Coverage.md,Research record or supporting data,Research and reproducibility,Retained existing file
Kenyan Equities and Company Analysis,simulation_results.json,C:/Users/Nevo/Downloads/financial material/Kenyan Equities and Company Analysis/Four Part Series/Research,C:/Users/Nevo/Downloads/financial material/Kenyan Equities and Company Analysis/Four Part Series/Research/simulation_results.json,Research record or supporting data,Research and reproducibility,Retained existing file
Kenyan Equities and Company Analysis,sources.json,C:/Users/Nevo/Downloads/financial material/Kenyan Equities and Company Analysis/Four Part Series/Research,C:/Users/Nevo/Downloads/financial material/Kenyan Equities and Company Analysis/Four Part Series/Research/sources.json,Research record or supporting data,Research and reproducibility,Retained existing file
Kenyan Equities and Company Analysis,spec.json,C:/Users/Nevo/Downloads/financial material/Kenyan Equities and Company Analysis/Four Part Series/Research,C:/Users/Nevo/Downloads/financial material/Kenyan Equities and Company Analysis/Four Part Series/Research/spec.json,Research record or supporting data,Research and reproducibility,Retained existing file
Kenyan Equities and Company Analysis,verification.json,C:/Users/Nevo/Downloads/financial material/Kenyan Equities and Company Analysis/Four Part Series/Research,C:/Users/Nevo/Downloads/financial material/Kenyan Equities and Company Analysis/Four Part Series/Research/verification.json,Research record or supporting data,Research and reproducibility,Retained existing file
Kenyan Equities and Company Analysis,Verification.md,C:/Users/Nevo/Downloads/financial material/Kenyan Equities and Company Analysis/Four Part Series/Research,C:/Users/Nevo/Downloads/financial material/Kenyan Equities and Company Analysis/Four Part Series/Research/Verification.md,Research record or supporting data,Research and reproducibility,Retained existing file
Kenyan Equities and Company Analysis,workbook_verification.json,C:/Users/Nevo/Downloads/financial material/Kenyan Equities and Company Analysis/Four Part Series/Research,C:/Users/Nevo/Downloads/financial material/Kenyan Equities and Company Analysis/Four Part Series/Research/workbook_verification.json,Research record or supporting data,Research and reproducibility,Retained existing file
Kenyan Equities and Company Analysis,how to read financial statements seeking for value.md,C:/Users/Nevo/Downloads/financial material/Kenyan Equities and Company Analysis,C:/Users/Nevo/Downloads/financial material/Kenyan Equities and Company Analysis/how to read financial statements seeking for value.md,Original topic manuscript,Research source,Retained existing file
Kenyan Tax and Household Finance,01-PAYE-and-Cash-Flow-formula-dictionary.json,C:/Users/Nevo/Downloads/financial material/Kenyan Tax and Household Finance/Four Part Series,C:/Users/Nevo/Downloads/financial material/Kenyan Tax and Household Finance/Four Part Series/01-PAYE-and-Cash-Flow-formula-dictionary.json,Research record or supporting data,Research and reproducibility,Retained existing file
Kenyan Tax and Household Finance,02-Pensions-and-Retirement-formula-dictionary.json,C:/Users/Nevo/Downloads/financial material/Kenyan Tax and Household Finance/Four Part Series,C:/Users/Nevo/Downloads/financial material/Kenyan Tax and Household Finance/Four Part Series/02-Pensions-and-Retirement-formula-dictionary.json,Research record or supporting data,Research and reproducibility,Retained existing file
Kenyan Tax and Household Finance,03-Medical-and-Emergency-Funds-formula-dictionary.json,C:/Users/Nevo/Downloads/financial material/Kenyan Tax and Household Finance/Four Part Series,C:/Users/Nevo/Downloads/financial material/Kenyan Tax and Household Finance/Four Part Series/03-Medical-and-Emergency-Funds-formula-dictionary.json,Research record or supporting data,Research and reproducibility,Retained existing file
Kenyan Tax and Household Finance,04-Mortgages-and-Housing-formula-dictionary.json,C:/Users/Nevo/Downloads/financial material/Kenyan Tax and Household Finance/Four Part Series,C:/Users/Nevo/Downloads/financial material/Kenyan Tax and Household Finance/Four Part Series/04-Mortgages-and-Housing-formula-dictionary.json,Research record or supporting data,Research and reproducibility,Retained existing file
Kenyan Tax and Household Finance,Appendix 1 - PAYE and Cash Flow.md,C:/Users/Nevo/Downloads/financial material/Kenyan Tax and Household Finance/Four Part Series,C:/Users/Nevo/Downloads/financial material/Kenyan Tax and Household Finance/Four Part Series/Appendix 1 - PAYE and Cash Flow.md,Technical appendix or formula dictionary,Companion material; YouTube appendix,Retained existing file
Kenyan Tax and Household Finance,Appendix 2 - Pension Mathematics and Simulation.md,C:/Users/Nevo/Downloads/financial material/Kenyan Tax and Household Finance/Four Part Series,C:/Users/Nevo/Downloads/financial material/Kenyan Tax and Household Finance/Four Part Series/Appendix 2 - Pension Mathematics and Simulation.md,Technical appendix or formula dictionary,Companion material; YouTube appendix,Retained existing file
Kenyan Tax and Household Finance,Appendix 3 - Claims and Emergency Liquidity.md,C:/Users/Nevo/Downloads/financial material/Kenyan Tax and Household Finance/Four Part Series,C:/Users/Nevo/Downloads/financial material/Kenyan Tax and Household Finance/Four Part Series/Appendix 3 - Claims and Emergency Liquidity.md,Technical appendix or formula dictionary,Companion material; YouTube appendix,Retained existing file
Kenyan Tax and Household Finance,Appendix 4 - Amortisation and Housing Valuation.md,C:/Users/Nevo/Downloads/financial material/Kenyan Tax and Household Finance/Four Part Series,C:/Users/Nevo/Downloads/financial material/Kenyan Tax and Household Finance/Four Part Series/Appendix 4 - Amortisation and Housing Valuation.md,Technical appendix or formula dictionary,Companion material; YouTube appendix,Retained existing file
Kenyan Tax and Household Finance,01-payroll-flow.png,C:/Users/Nevo/Downloads/financial material/Kenyan Tax and Household Finance/Four Part Series/Figures,C:/Users/Nevo/Downloads/financial material/Kenyan Tax and Household Finance/Four Part Series/Figures/01-payroll-flow.png,Figure or editable diagram source,Article illustration; YouTube evidence asset,Retained existing file
Kenyan Tax and Household Finance,02-pension-flow.png,C:/Users/Nevo/Downloads/financial material/Kenyan Tax and Household Finance/Four Part Series/Figures,C:/Users/Nevo/Downloads/financial material/Kenyan Tax and Household Finance/Four Part Series/Figures/02-pension-flow.png,Figure or editable diagram source,Article illustration; YouTube evidence asset,Retained existing file
Kenyan Tax and Household Finance,03-medical-flow.png,C:/Users/Nevo/Downloads/financial material/Kenyan Tax and Household Finance/Four Part Series/Figures,C:/Users/Nevo/Downloads/financial material/Kenyan Tax and Household Finance/Four Part Series/Figures/03-medical-flow.png,Figure or editable diagram source,Article illustration; YouTube evidence asset,Retained existing file
Kenyan Tax and Household Finance,04-housing-flow.png,C:/Users/Nevo/Downloads/financial material/Kenyan Tax and Household Finance/Four Part Series/Figures,C:/Users/Nevo/Downloads/financial material/Kenyan Tax and Household Finance/Four Part Series/Figures/04-housing-flow.png,Figure or editable diagram source,Article illustration; YouTube evidence asset,Retained existing file
Kenyan Tax and Household Finance,05-pension-distribution.png,C:/Users/Nevo/Downloads/financial material/Kenyan Tax and Household Finance/Four Part Series/Figures,C:/Users/Nevo/Downloads/financial material/Kenyan Tax and Household Finance/Four Part Series/Figures/05-pension-distribution.png,Figure or editable diagram source,Article illustration; YouTube evidence asset,Retained existing file
Kenyan Tax and Household Finance,06-medical-reserve-sensitivity.png,C:/Users/Nevo/Downloads/financial material/Kenyan Tax and Household Finance/Four Part Series/Figures,C:/Users/Nevo/Downloads/financial material/Kenyan Tax and Household Finance/Four Part Series/Figures/06-medical-reserve-sensitivity.png,Figure or editable diagram source,Article illustration; YouTube evidence asset,Retained existing file
Kenyan Tax and Household Finance,Formula Dictionaries.md,C:/Users/Nevo/Downloads/financial material/Kenyan Tax and Household Finance/Four Part Series,C:/Users/Nevo/Downloads/financial material/Kenyan Tax and Household Finance/Four Part Series/Formula Dictionaries.md,Technical appendix or formula dictionary,Companion material; YouTube appendix,Retained existing file
Kenyan Tax and Household Finance,Part 1 - What Your Payslip Can Actually Fund.md,C:/Users/Nevo/Downloads/financial material/Kenyan Tax and Household Finance/Four Part Series,C:/Users/Nevo/Downloads/financial material/Kenyan Tax and Household Finance/Four Part Series/Part 1 - What Your Payslip Can Actually Fund.md,Long-form article,LinkedIn; Substack; Medium,Retained existing file
Kenyan Tax and Household Finance,Part 2 - Building a Pension That Can Pay for Life.md,C:/Users/Nevo/Downloads/financial material/Kenyan Tax and Household Finance/Four Part Series,C:/Users/Nevo/Downloads/financial material/Kenyan Tax and Household Finance/Four Part Series/Part 2 - Building a Pension That Can Pay for Life.md,Long-form article,LinkedIn; Substack; Medium,Retained existing file
Kenyan Tax and Household Finance,Part 3 - Paying for Healthcare Without Unravelling the Household.md,C:/Users/Nevo/Downloads/financial material/Kenyan Tax and Household Finance/Four Part Series,C:/Users/Nevo/Downloads/financial material/Kenyan Tax and Household Finance/Four Part Series/Part 3 - Paying for Healthcare Without Unravelling the Household.md,Long-form article,LinkedIn; Substack; Medium,Retained existing file
Kenyan Tax and Household Finance,Part 4 - A Home the Household Can Keep.md,C:/Users/Nevo/Downloads/financial material/Kenyan Tax and Household Finance/Four Part Series,C:/Users/Nevo/Downloads/financial material/Kenyan Tax and Household Finance/Four Part Series/Part 4 - A Home the Household Can Keep.md,Long-form article,LinkedIn; Substack; Medium,Retained existing file
Kenyan Tax and Household Finance,README.md,C:/Users/Nevo/Downloads/financial material/Kenyan Tax and Household Finance/Four Part Series,C:/Users/Nevo/Downloads/financial material/Kenyan Tax and Household Finance/Four Part Series/README.md,Research record or supporting data,Research and reproducibility,Retained existing file
Kenyan Tax and Household Finance,sources.json,C:/Users/Nevo/Downloads/financial material/Kenyan Tax and Household Finance/Four Part Series,C:/Users/Nevo/Downloads/financial material/Kenyan Tax and Household Finance/Four Part Series/sources.json,Research record or supporting data,Research and reproducibility,Retained existing file
Kenyan Tax and Household Finance,Verification.json,C:/Users/Nevo/Downloads/financial material/Kenyan Tax and Household Finance/Four Part Series,C:/Users/Nevo/Downloads/financial material/Kenyan Tax and Household Finance/Four Part Series/Verification.json,Research record or supporting data,Research and reproducibility,Retained existing file
Kenyan Tax and Household Finance,how can we help this guy reduce his taxes in Kenya.md,C:/Users/Nevo/Downloads/financial material/Kenyan Tax and Household Finance,C:/Users/Nevo/Downloads/financial material/Kenyan Tax and Household Finance/how can we help this guy reduce his taxes in Kenya.md,Original topic manuscript,Research source,Retained existing file
Kenyan Tax and Household Finance,how is paye calculated with KRA.md,C:/Users/Nevo/Downloads/financial material/Kenyan Tax and Household Finance,C:/Users/Nevo/Downloads/financial material/Kenyan Tax and Household Finance/how is paye calculated with KRA.md,Original topic manuscript,Research source,Retained existing file
Kenyan Tax and Household Finance,private pension plans that are tax deductible.md,C:/Users/Nevo/Downloads/financial material/Kenyan Tax and Household Finance,C:/Users/Nevo/Downloads/financial material/Kenyan Tax and Household Finance/private pension plans that are tax deductible.md,Original topic manuscript,Research source,Retained existing file
Kenyan Tax and Household Finance,01-PAYE-and-Cash-Flow.xlsx,C:/Users/Nevo/Downloads/financial material/outputs/01a0789a-5035-7453-ad64-a71cc94b3211,C:/Users/Nevo/Downloads/financial material/outputs/01a0789a-5035-7453-ad64-a71cc94b3211/01-PAYE-and-Cash-Flow.xlsx,Financial model workbook,Companion download; YouTube demonstration,Retained existing file
Kenyan Tax and Household Finance,02-Pensions-and-Retirement.xlsx,C:/Users/Nevo/Downloads/financial material/outputs/01a0789a-5035-7453-ad64-a71cc94b3211,C:/Users/Nevo/Downloads/financial material/outputs/01a0789a-5035-7453-ad64-a71cc94b3211/02-Pensions-and-Retirement.xlsx,Financial model workbook,Companion download; YouTube demonstration,Retained existing file
Kenyan Tax and Household Finance,03-Medical-and-Emergency-Funds.xlsx,C:/Users/Nevo/Downloads/financial material/outputs/01a0789a-5035-7453-ad64-a71cc94b3211,C:/Users/Nevo/Downloads/financial material/outputs/01a0789a-5035-7453-ad64-a71cc94b3211/03-Medical-and-Emergency-Funds.xlsx,Financial model workbook,Companion download; YouTube demonstration,Retained existing file
Kenyan Tax and Household Finance,04-Mortgages-and-Housing.xlsx,C:/Users/Nevo/Downloads/financial material/outputs/01a0789a-5035-7453-ad64-a71cc94b3211,C:/Users/Nevo/Downloads/financial material/outputs/01a0789a-5035-7453-ad64-a71cc94b3211/04-Mortgages-and-Housing.xlsx,Financial model workbook,Companion download; YouTube demonstration,Retained existing file
Kenyan Equities and Company Analysis,01-Screening-and-Income.xlsx,C:/Users/Nevo/Downloads/financial material/outputs/01a0789a-5035-7453-ad64-a71cc94b3211/kenyan-equities,C:/Users/Nevo/Downloads/financial material/outputs/01a0789a-5035-7453-ad64-a71cc94b3211/kenyan-equities/01-Screening-and-Income.xlsx,Financial model workbook,Companion download; YouTube demonstration,Retained existing file
Kenyan Equities and Company Analysis,02-Statements-and-Valuation.xlsx,C:/Users/Nevo/Downloads/financial material/outputs/01a0789a-5035-7453-ad64-a71cc94b3211/kenyan-equities,C:/Users/Nevo/Downloads/financial material/outputs/01a0789a-5035-7453-ad64-a71cc94b3211/kenyan-equities/02-Statements-and-Valuation.xlsx,Financial model workbook,Companion download; YouTube demonstration,Retained existing file
Kenyan Equities and Company Analysis,03-Portfolio-Construction.xlsx,C:/Users/Nevo/Downloads/financial material/outputs/01a0789a-5035-7453-ad64-a71cc94b3211/kenyan-equities,C:/Users/Nevo/Downloads/financial material/outputs/01a0789a-5035-7453-ad64-a71cc94b3211/kenyan-equities/03-Portfolio-Construction.xlsx,Financial model workbook,Companion download; YouTube demonstration,Retained existing file
Kenyan Equities and Company Analysis,04-Compounding-and-Simulation.xlsx,C:/Users/Nevo/Downloads/financial material/outputs/01a0789a-5035-7453-ad64-a71cc94b3211/kenyan-equities,C:/Users/Nevo/Downloads/financial material/outputs/01a0789a-5035-7453-ad64-a71cc94b3211/kenyan-equities/04-Compounding-and-Simulation.xlsx,Financial model workbook,Companion download; YouTube demonstration,Retained existing file
Kenyan Equities and Company Analysis,~$01-Screening-and-Income.xlsx,C:/Users/Nevo/Downloads/financial material/outputs/01a0789a-5035-7453-ad64-a71cc94b3211/kenyan-equities,C:/Users/Nevo/Downloads/financial material/outputs/01a0789a-5035-7453-ad64-a71cc94b3211/kenyan-equities/~$01-Screening-and-Income.xlsx,Financial model workbook,Companion download; YouTube demonstration,Retained existing file
Kenyan Equities and Company Analysis,~$02-Statements-and-Valuation.xlsx,C:/Users/Nevo/Downloads/financial material/outputs/01a0789a-5035-7453-ad64-a71cc94b3211/kenyan-equities,C:/Users/Nevo/Downloads/financial material/outputs/01a0789a-5035-7453-ad64-a71cc94b3211/kenyan-equities/~$02-Statements-and-Valuation.xlsx,Financial model workbook,Companion download; YouTube demonstration,Retained existing file
Kenyan Equities and Company Analysis,~$03-Portfolio-Construction.xlsx,C:/Users/Nevo/Downloads/financial material/outputs/01a0789a-5035-7453-ad64-a71cc94b3211/kenyan-equities,C:/Users/Nevo/Downloads/financial material/outputs/01a0789a-5035-7453-ad64-a71cc94b3211/kenyan-equities/~$03-Portfolio-Construction.xlsx,Financial model workbook,Companion download; YouTube demonstration,Retained existing file
Kenyan Equities and Company Analysis,~$04-Compounding-and-Simulation.xlsx,C:/Users/Nevo/Downloads/financial material/outputs/01a0789a-5035-7453-ad64-a71cc94b3211/kenyan-equities,C:/Users/Nevo/Downloads/financial material/outputs/01a0789a-5035-7453-ad64-a71cc94b3211/kenyan-equities/~$04-Compounding-and-Simulation.xlsx,Financial model workbook,Companion download; YouTube demonstration,Retained existing file
African Markets and Business Credit,Facebook Part 1.md,C:/Users/Nevo/Downloads/financial material/Publishing and Video Production/African Markets and Business Credit,C:/Users/Nevo/Downloads/financial material/Publishing and Video Production/African Markets and Business Credit/Facebook Part 1.md,Facebook draft,Facebook,Created in this package
African Markets and Business Credit,Facebook Part 2.md,C:/Users/Nevo/Downloads/financial material/Publishing and Video Production/African Markets and Business Credit,C:/Users/Nevo/Downloads/financial material/Publishing and Video Production/African Markets and Business Credit/Facebook Part 2.md,Facebook draft,Facebook,Created in this package
African Markets and Business Credit,Part 1 - African Capital and Kenya.pdf,C:/Users/Nevo/Downloads/financial material/Publishing and Video Production/African Markets and Business Credit/PDF,C:/Users/Nevo/Downloads/financial material/Publishing and Video Production/African Markets and Business Credit/PDF/Part 1 - African Capital and Kenya.pdf,Article reading edition,Companion download for LinkedIn; Substack; Medium; Facebook adaptation,Created in this package
African Markets and Business Credit,Part 2 - Business Credit and Fintech.pdf,C:/Users/Nevo/Downloads/financial material/Publishing and Video Production/African Markets and Business Credit/PDF,C:/Users/Nevo/Downloads/financial material/Publishing and Video Production/African Markets and Business Credit/PDF/Part 2 - Business Credit and Fintech.pdf,Article reading edition,Companion download for LinkedIn; Substack; Medium; Facebook adaptation,Created in this package
African Markets and Business Credit,Project Index.md,C:/Users/Nevo/Downloads/financial material/Publishing and Video Production/African Markets and Business Credit,C:/Users/Nevo/Downloads/financial material/Publishing and Video Production/African Markets and Business Credit/Project Index.md,Publication index or planning record,Editorial organisation,Created in this package
African Markets and Business Credit,Part 1 - African Capital and Kenya.docx,C:/Users/Nevo/Downloads/financial material/Publishing and Video Production/African Markets and Business Credit/Word,C:/Users/Nevo/Downloads/financial material/Publishing and Video Production/African Markets and Business Credit/Word/Part 1 - African Capital and Kenya.docx,Editable article and matching appendix,Editing; source for platform drafts,Created in this package
African Markets and Business Credit,Part 2 - Business Credit and Fintech.docx,C:/Users/Nevo/Downloads/financial material/Publishing and Video Production/African Markets and Business Credit/Word,C:/Users/Nevo/Downloads/financial material/Publishing and Video Production/African Markets and Business Credit/Word/Part 2 - Business Credit and Fintech.docx,Editable article and matching appendix,Editing; source for platform drafts,Created in this package
African Markets and Business Credit,YouTube Storyboards.md,C:/Users/Nevo/Downloads/financial material/Publishing and Video Production/African Markets and Business Credit,C:/Users/Nevo/Downloads/financial material/Publishing and Video Production/African Markets and Business Credit/YouTube Storyboards.md,Video production plan,YouTube production,Created in this package
Shared collection,All Files.csv,C:/Users/Nevo/Downloads/financial material/Publishing and Video Production,C:/Users/Nevo/Downloads/financial material/Publishing and Video Production/All Files.csv,Publication index or planning record,Editorial organisation,Created in this package
Shared collection,All Files.md,C:/Users/Nevo/Downloads/financial material/Publishing and Video Production,C:/Users/Nevo/Downloads/financial material/Publishing and Video Production/All Files.md,Publication index or planning record,Editorial organisation,Created in this package
International Investing and Diaspora Finance,Part 1 - Choosing the Investment.pdf,C:/Users/Nevo/Downloads/financial material/Publishing and Video Production/International Investing and Diaspora Finance/PDF,C:/Users/Nevo/Downloads/financial material/Publishing and Video Production/International Investing and Diaspora Finance/PDF/Part 1 - Choosing the Investment.pdf,Article reading edition,Companion download for LinkedIn; Substack; Medium,Created in this package
International Investing and Diaspora Finance,Part 2 - When the Investor Moves.pdf,C:/Users/Nevo/Downloads/financial material/Publishing and Video Production/International Investing and Diaspora Finance/PDF,C:/Users/Nevo/Downloads/financial material/Publishing and Video Production/International Investing and Diaspora Finance/PDF/Part 2 - When the Investor Moves.pdf,Article reading edition,Companion download for LinkedIn; Substack; Medium,Created in this package
International Investing and Diaspora Finance,Part 3 - Moving Money with Purpose.pdf,C:/Users/Nevo/Downloads/financial material/Publishing and Video Production/International Investing and Diaspora Finance/PDF,C:/Users/Nevo/Downloads/financial material/Publishing and Video Production/International Investing and Diaspora Finance/PDF/Part 3 - Moving Money with Purpose.pdf,Article reading edition,Companion download for LinkedIn; Substack; Medium,Created in this package
International Investing and Diaspora Finance,Project Index.md,C:/Users/Nevo/Downloads/financial material/Publishing and Video Production/International Investing and Diaspora Finance,C:/Users/Nevo/Downloads/financial material/Publishing and Video Production/International Investing and Diaspora Finance/Project Index.md,Publication index or planning record,Editorial organisation,Created in this package
International Investing and Diaspora Finance,Part 1 - Choosing the Investment.docx,C:/Users/Nevo/Downloads/financial material/Publishing and Video Production/International Investing and Diaspora Finance/Word,C:/Users/Nevo/Downloads/financial material/Publishing and Video Production/International Investing and Diaspora Finance/Word/Part 1 - Choosing the Investment.docx,Editable article and matching appendix,Editing; source for platform drafts,Created in this package
International Investing and Diaspora Finance,Part 2 - When the Investor Moves.docx,C:/Users/Nevo/Downloads/financial material/Publishing and Video Production/International Investing and Diaspora Finance/Word,C:/Users/Nevo/Downloads/financial material/Publishing and Video Production/International Investing and Diaspora Finance/Word/Part 2 - When the Investor Moves.docx,Editable article and matching appendix,Editing; source for platform drafts,Created in this package
International Investing and Diaspora Finance,Part 3 - Moving Money with Purpose.docx,C:/Users/Nevo/Downloads/financial material/Publishing and Video Production/International Investing and Diaspora Finance/Word,C:/Users/Nevo/Downloads/financial material/Publishing and Video Production/International Investing and Diaspora Finance/Word/Part 3 - Moving Money with Purpose.docx,Editable article and matching appendix,Editing; source for platform drafts,Created in this package
International Investing and Diaspora Finance,YouTube Storyboards.md,C:/Users/Nevo/Downloads/financial material/Publishing and Video Production/International Investing and Diaspora Finance,C:/Users/Nevo/Downloads/financial material/Publishing and Video Production/International Investing and Diaspora Finance/YouTube Storyboards.md,Video production plan,YouTube production,Created in this package
Kenyan Equities and Company Analysis,Part 1 - Building an Income and Research Universe.pdf,C:/Users/Nevo/Downloads/financial material/Publishing and Video Production/Kenyan Equities and Company Analysis/PDF,C:/Users/Nevo/Downloads/financial material/Publishing and Video Production/Kenyan Equities and Company Analysis/PDF/Part 1 - Building an Income and Research Universe.pdf,Article reading edition,Companion download for LinkedIn; Substack; Medium,Created in this package
Kenyan Equities and Company Analysis,Part 2 - Reading Businesses and Estimating Value.pdf,C:/Users/Nevo/Downloads/financial material/Publishing and Video Production/Kenyan Equities and Company Analysis/PDF,C:/Users/Nevo/Downloads/financial material/Publishing and Video Production/Kenyan Equities and Company Analysis/PDF/Part 2 - Reading Businesses and Estimating Value.pdf,Article reading edition,Companion download for LinkedIn; Substack; Medium,Created in this package
Kenyan Equities and Company Analysis,Part 3 - Constructing Portfolios with a Purpose.pdf,C:/Users/Nevo/Downloads/financial material/Publishing and Video Production/Kenyan Equities and Company Analysis/PDF,C:/Users/Nevo/Downloads/financial material/Publishing and Video Production/Kenyan Equities and Company Analysis/PDF/Part 3 - Constructing Portfolios with a Purpose.pdf,Article reading edition,Companion download for LinkedIn; Substack; Medium,Created in this package
Kenyan Equities and Company Analysis,Part 4 - Compounding Through Uncertain Markets.pdf,C:/Users/Nevo/Downloads/financial material/Publishing and Video Production/Kenyan Equities and Company Analysis/PDF,C:/Users/Nevo/Downloads/financial material/Publishing and Video Production/Kenyan Equities and Company Analysis/PDF/Part 4 - Compounding Through Uncertain Markets.pdf,Article reading edition,Companion download for LinkedIn; Substack; Medium,Created in this package
Kenyan Equities and Company Analysis,Project Index.md,C:/Users/Nevo/Downloads/financial material/Publishing and Video Production/Kenyan Equities and Company Analysis,C:/Users/Nevo/Downloads/financial material/Publishing and Video Production/Kenyan Equities and Company Analysis/Project Index.md,Publication index or planning record,Editorial organisation,Created in this package
Kenyan Equities and Company Analysis,Part 1 - Building an Income and Research Universe.docx,C:/Users/Nevo/Downloads/financial material/Publishing and Video Production/Kenyan Equities and Company Analysis/Word,C:/Users/Nevo/Downloads/financial material/Publishing and Video Production/Kenyan Equities and Company Analysis/Word/Part 1 - Building an Income and Research Universe.docx,Editable article and matching appendix,Editing; source for platform drafts,Created in this package
Kenyan Equities and Company Analysis,Part 2 - Reading Businesses and Estimating Value.docx,C:/Users/Nevo/Downloads/financial material/Publishing and Video Production/Kenyan Equities and Company Analysis/Word,C:/Users/Nevo/Downloads/financial material/Publishing and Video Production/Kenyan Equities and Company Analysis/Word/Part 2 - Reading Businesses and Estimating Value.docx,Editable article and matching appendix,Editing; source for platform drafts,Created in this package
Kenyan Equities and Company Analysis,Part 3 - Constructing Portfolios with a Purpose.docx,C:/Users/Nevo/Downloads/financial material/Publishing and Video Production/Kenyan Equities and Company Analysis/Word,C:/Users/Nevo/Downloads/financial material/Publishing and Video Production/Kenyan Equities and Company Analysis/Word/Part 3 - Constructing Portfolios with a Purpose.docx,Editable article and matching appendix,Editing; source for platform drafts,Created in this package
Kenyan Equities and Company Analysis,Part 4 - Compounding Through Uncertain Markets.docx,C:/Users/Nevo/Downloads/financial material/Publishing and Video Production/Kenyan Equities and Company Analysis/Word,C:/Users/Nevo/Downloads/financial material/Publishing and Video Production/Kenyan Equities and Company Analysis/Word/Part 4 - Compounding Through Uncertain Markets.docx,Editable article and matching appendix,Editing; source for platform drafts,Created in this package
Kenyan Equities and Company Analysis,YouTube Storyboards.md,C:/Users/Nevo/Downloads/financial material/Publishing and Video Production/Kenyan Equities and Company Analysis,C:/Users/Nevo/Downloads/financial material/Publishing and Video Production/Kenyan Equities and Company Analysis/YouTube Storyboards.md,Video production plan,YouTube production,Created in this package
Kenyan Tax and Household Finance,Part 1 - What Your Payslip Can Actually Fund.pdf,C:/Users/Nevo/Downloads/financial material/Publishing and Video Production/Kenyan Tax and Household Finance/PDF,C:/Users/Nevo/Downloads/financial material/Publishing and Video Production/Kenyan Tax and Household Finance/PDF/Part 1 - What Your Payslip Can Actually Fund.pdf,Article reading edition,Companion download for LinkedIn; Substack; Medium,Created in this package
Kenyan Tax and Household Finance,Part 2 - Building a Pension That Can Pay for Life.pdf,C:/Users/Nevo/Downloads/financial material/Publishing and Video Production/Kenyan Tax and Household Finance/PDF,C:/Users/Nevo/Downloads/financial material/Publishing and Video Production/Kenyan Tax and Household Finance/PDF/Part 2 - Building a Pension That Can Pay for Life.pdf,Article reading edition,Companion download for LinkedIn; Substack; Medium,Created in this package
Kenyan Tax and Household Finance,Part 3 - Paying for Healthcare Without Unravelling the Household.pdf,C:/Users/Nevo/Downloads/financial material/Publishing and Video Production/Kenyan Tax and Household Finance/PDF,C:/Users/Nevo/Downloads/financial material/Publishing and Video Production/Kenyan Tax and Household Finance/PDF/Part 3 - Paying for Healthcare Without Unravelling the Household.pdf,Article reading edition,Companion download for LinkedIn; Substack; Medium,Created in this package
Kenyan Tax and Household Finance,Part 4 - A Home the Household Can Keep.pdf,C:/Users/Nevo/Downloads/financial material/Publishing and Video Production/Kenyan Tax and Household Finance/PDF,C:/Users/Nevo/Downloads/financial material/Publishing and Video Production/Kenyan Tax and Household Finance/PDF/Part 4 - A Home the Household Can Keep.pdf,Article reading edition,Companion download for LinkedIn; Substack; Medium,Created in this package
Kenyan Tax and Household Finance,Project Index.md,C:/Users/Nevo/Downloads/financial material/Publishing and Video Production/Kenyan Tax and Household Finance,C:/Users/Nevo/Downloads/financial material/Publishing and Video Production/Kenyan Tax and Household Finance/Project Index.md,Publication index or planning record,Editorial organisation,Created in this package
Kenyan Tax and Household Finance,Part 1 - What Your Payslip Can Actually Fund.docx,C:/Users/Nevo/Downloads/financial material/Publishing and Video Production/Kenyan Tax and Household Finance/Word,C:/Users/Nevo/Downloads/financial material/Publishing and Video Production/Kenyan Tax and Household Finance/Word/Part 1 - What Your Payslip Can Actually Fund.docx,Editable article and matching appendix,Editing; source for platform drafts,Created in this package
Kenyan Tax and Household Finance,Part 2 - Building a Pension That Can Pay for Life.docx,C:/Users/Nevo/Downloads/financial material/Publishing and Video Production/Kenyan Tax and Household Finance/Word,C:/Users/Nevo/Downloads/financial material/Publishing and Video Production/Kenyan Tax and Household Finance/Word/Part 2 - Building a Pension That Can Pay for Life.docx,Editable article and matching appendix,Editing; source for platform drafts,Created in this package
Kenyan Tax and Household Finance,Part 3 - Paying for Healthcare Without Unravelling the Household.docx,C:/Users/Nevo/Downloads/financial material/Publishing and Video Production/Kenyan Tax and Household Finance/Word,C:/Users/Nevo/Downloads/financial material/Publishing and Video Production/Kenyan Tax and Household Finance/Word/Part 3 - Paying for Healthcare Without Unravelling the Household.docx,Editable article and matching appendix,Editing; source for platform drafts,Created in this package
Kenyan Tax and Household Finance,Part 4 - A Home the Household Can Keep.docx,C:/Users/Nevo/Downloads/financial material/Publishing and Video Production/Kenyan Tax and Household Finance/Word,C:/Users/Nevo/Downloads/financial material/Publishing and Video Production/Kenyan Tax and Household Finance/Word/Part 4 - A Home the Household Can Keep.docx,Editable article and matching appendix,Editing; source for platform drafts,Created in this package
Kenyan Tax and Household Finance,YouTube Storyboards.md,C:/Users/Nevo/Downloads/financial material/Publishing and Video Production/Kenyan Tax and Household Finance,C:/Users/Nevo/Downloads/financial material/Publishing and Video Production/Kenyan Tax and Household Finance/YouTube Storyboards.md,Video production plan,YouTube production,Created in this package
Shared collection,Posting Log.csv,C:/Users/Nevo/Downloads/financial material/Publishing and Video Production,C:/Users/Nevo/Downloads/financial material/Publishing and Video Production/Posting Log.csv,Publication index or planning record,Editorial organisation,Created in this package
Shared collection,Publishing Destinations.md,C:/Users/Nevo/Downloads/financial material/Publishing and Video Production,C:/Users/Nevo/Downloads/financial material/Publishing and Video Production/Publishing Destinations.md,Publication index or planning record,Editorial organisation,Created in this package
Shared collection,README.md,C:/Users/Nevo/Downloads/financial material/Publishing and Video Production,C:/Users/Nevo/Downloads/financial material/Publishing and Video Production/README.md,Publication index or planning record,Editorial organisation,Created in this package
Shared collection,Slide and Research Question Index.csv,C:/Users/Nevo/Downloads/financial material/Publishing and Video Production,C:/Users/Nevo/Downloads/financial material/Publishing and Video Production/Slide and Research Question Index.csv,Slide and question map,YouTube production,Created in this package
Shared collection,Technical Files.csv,C:/Users/Nevo/Downloads/financial material/Publishing and Video Production,C:/Users/Nevo/Downloads/financial material/Publishing and Video Production/Technical Files.csv,Publication index or planning record,Editorial organisation,Created in this package
Shared collection,YouTube Production Plan.md,C:/Users/Nevo/Downloads/financial material/Publishing and Video Production,C:/Users/Nevo/Downloads/financial material/Publishing and Video Production/YouTube Production Plan.md,Video production plan,YouTube production,Created in this package
Shared collection,THEMES.md,C:/Users/Nevo/Downloads/financial material,C:/Users/Nevo/Downloads/financial material/THEMES.md,Research record or supporting data,Research and reproducibility,Retained existing file
