File,Folder,Absolute path,Purpose,Posting destination
AMBC-01.md,C:/Users/Nevo/Downloads/financial material/.publishing-build-20260908,C:/Users/Nevo/Downloads/financial material/.publishing-build-20260908/AMBC-01.md,"Conversion, rendering or production record",None
AMBC-02.md,C:/Users/Nevo/Downloads/financial material/.publishing-build-20260908,C:/Users/Nevo/Downloads/financial material/.publishing-build-20260908/AMBC-02.md,"Conversion, rendering or production record",None
build_documents.py,C:/Users/Nevo/Downloads/financial material/.publishing-build-20260908,C:/Users/Nevo/Downloads/financial material/.publishing-build-20260908/build_documents.py,"Conversion, rendering or production record",None
review-01.png,C:/Users/Nevo/Downloads/financial material/.publishing-build-20260908/contacts,C:/Users/Nevo/Downloads/financial material/.publishing-build-20260908/contacts/review-01.png,"Conversion, rendering or production record",None
review-02.png,C:/Users/Nevo/Downloads/financial material/.publishing-build-20260908/contacts,C:/Users/Nevo/Downloads/financial material/.publishing-build-20260908/contacts/review-02.png,"Conversion, rendering or production record",None
review-03.png,C:/Users/Nevo/Downloads/financial material/.publishing-build-20260908/contacts,C:/Users/Nevo/Downloads/financial material/.publishing-build-20260908/contacts/review-03.png,"Conversion, rendering or production record",None
review-04.png,C:/Users/Nevo/Downloads/financial material/.publishing-build-20260908/contacts,C:/Users/Nevo/Downloads/financial material/.publishing-build-20260908/contacts/review-04.png,"Conversion, rendering or production record",None
review-05.png,C:/Users/Nevo/Downloads/financial material/.publishing-build-20260908/contacts,C:/Users/Nevo/Downloads/financial material/.publishing-build-20260908/contacts/review-05.png,"Conversion, rendering or production record",None
review-06.png,C:/Users/Nevo/Downloads/financial material/.publishing-build-20260908/contacts,C:/Users/Nevo/Downloads/financial material/.publishing-build-20260908/contacts/review-06.png,"Conversion, rendering or production record",None
review-07.png,C:/Users/Nevo/Downloads/financial material/.publishing-build-20260908/contacts,C:/Users/Nevo/Downloads/financial material/.publishing-build-20260908/contacts/review-07.png,"Conversion, rendering or production record",None
review-08.png,C:/Users/Nevo/Downloads/financial material/.publishing-build-20260908/contacts,C:/Users/Nevo/Downloads/financial material/.publishing-build-20260908/contacts/review-08.png,"Conversion, rendering or production record",None
review-09.png,C:/Users/Nevo/Downloads/financial material/.publishing-build-20260908/contacts,C:/Users/Nevo/Downloads/financial material/.publishing-build-20260908/contacts/review-09.png,"Conversion, rendering or production record",None
review-10.png,C:/Users/Nevo/Downloads/financial material/.publishing-build-20260908/contacts,C:/Users/Nevo/Downloads/financial material/.publishing-build-20260908/contacts/review-10.png,"Conversion, rendering or production record",None
review-11.png,C:/Users/Nevo/Downloads/financial material/.publishing-build-20260908/contacts,C:/Users/Nevo/Downloads/financial material/.publishing-build-20260908/contacts/review-11.png,"Conversion, rendering or production record",None
review-12.png,C:/Users/Nevo/Downloads/financial material/.publishing-build-20260908/contacts,C:/Users/Nevo/Downloads/financial material/.publishing-build-20260908/contacts/review-12.png,"Conversion, rendering or production record",None
review-13.png,C:/Users/Nevo/Downloads/financial material/.publishing-build-20260908/contacts,C:/Users/Nevo/Downloads/financial material/.publishing-build-20260908/contacts/review-13.png,"Conversion, rendering or production record",None
review-14.png,C:/Users/Nevo/Downloads/financial material/.publishing-build-20260908/contacts,C:/Users/Nevo/Downloads/financial material/.publishing-build-20260908/contacts/review-14.png,"Conversion, rendering or production record",None
review-15.png,C:/Users/Nevo/Downloads/financial material/.publishing-build-20260908/contacts,C:/Users/Nevo/Downloads/financial material/.publishing-build-20260908/contacts/review-15.png,"Conversion, rendering or production record",None
review-16.png,C:/Users/Nevo/Downloads/financial material/.publishing-build-20260908/contacts,C:/Users/Nevo/Downloads/financial material/.publishing-build-20260908/contacts/review-16.png,"Conversion, rendering or production record",None
review-17.png,C:/Users/Nevo/Downloads/financial material/.publishing-build-20260908/contacts,C:/Users/Nevo/Downloads/financial material/.publishing-build-20260908/contacts/review-17.png,"Conversion, rendering or production record",None
review-18.png,C:/Users/Nevo/Downloads/financial material/.publishing-build-20260908/contacts,C:/Users/Nevo/Downloads/financial material/.publishing-build-20260908/contacts/review-18.png,"Conversion, rendering or production record",None
review-19.png,C:/Users/Nevo/Downloads/financial material/.publishing-build-20260908/contacts,C:/Users/Nevo/Downloads/financial material/.publishing-build-20260908/contacts/review-19.png,"Conversion, rendering or production record",None
review-20.png,C:/Users/Nevo/Downloads/financial material/.publishing-build-20260908/contacts,C:/Users/Nevo/Downloads/financial material/.publishing-build-20260908/contacts/review-20.png,"Conversion, rendering or production record",None
review-21.png,C:/Users/Nevo/Downloads/financial material/.publishing-build-20260908/contacts,C:/Users/Nevo/Downloads/financial material/.publishing-build-20260908/contacts/review-21.png,"Conversion, rendering or production record",None
review-22.png,C:/Users/Nevo/Downloads/financial material/.publishing-build-20260908/contacts,C:/Users/Nevo/Downloads/financial material/.publishing-build-20260908/contacts/review-22.png,"Conversion, rendering or production record",None
review-23.png,C:/Users/Nevo/Downloads/financial material/.publishing-build-20260908/contacts,C:/Users/Nevo/Downloads/financial material/.publishing-build-20260908/contacts/review-23.png,"Conversion, rendering or production record",None
review-24.png,C:/Users/Nevo/Downloads/financial material/.publishing-build-20260908/contacts,C:/Users/Nevo/Downloads/financial material/.publishing-build-20260908/contacts/review-24.png,"Conversion, rendering or production record",None
review-25.png,C:/Users/Nevo/Downloads/financial material/.publishing-build-20260908/contacts,C:/Users/Nevo/Downloads/financial material/.publishing-build-20260908/contacts/review-25.png,"Conversion, rendering or production record",None
review-26.png,C:/Users/Nevo/Downloads/financial material/.publishing-build-20260908/contacts,C:/Users/Nevo/Downloads/financial material/.publishing-build-20260908/contacts/review-26.png,"Conversion, rendering or production record",None
review-27.png,C:/Users/Nevo/Downloads/financial material/.publishing-build-20260908/contacts,C:/Users/Nevo/Downloads/financial material/.publishing-build-20260908/contacts/review-27.png,"Conversion, rendering or production record",None
export_word.ps1,C:/Users/Nevo/Downloads/financial material/.publishing-build-20260908,C:/Users/Nevo/Downloads/financial material/.publishing-build-20260908/export_word.ps1,"Conversion, rendering or production record",None
IIDF-01.md,C:/Users/Nevo/Downloads/financial material/.publishing-build-20260908,C:/Users/Nevo/Downloads/financial material/.publishing-build-20260908/IIDF-01.md,"Conversion, rendering or production record",None
IIDF-02.md,C:/Users/Nevo/Downloads/financial material/.publishing-build-20260908,C:/Users/Nevo/Downloads/financial material/.publishing-build-20260908/IIDF-02.md,"Conversion, rendering or production record",None
IIDF-03.md,C:/Users/Nevo/Downloads/financial material/.publishing-build-20260908,C:/Users/Nevo/Downloads/financial material/.publishing-build-20260908/IIDF-03.md,"Conversion, rendering or production record",None
inventory.py,C:/Users/Nevo/Downloads/financial material/.publishing-build-20260908,C:/Users/Nevo/Downloads/financial material/.publishing-build-20260908/inventory.py,"Conversion, rendering or production record",None
jobs.json,C:/Users/Nevo/Downloads/financial material/.publishing-build-20260908,C:/Users/Nevo/Downloads/financial material/.publishing-build-20260908/jobs.json,"Conversion, rendering or production record",None
KECA-01.md,C:/Users/Nevo/Downloads/financial material/.publishing-build-20260908,C:/Users/Nevo/Downloads/financial material/.publishing-build-20260908/KECA-01.md,"Conversion, rendering or production record",None
KECA-02.md,C:/Users/Nevo/Downloads/financial material/.publishing-build-20260908,C:/Users/Nevo/Downloads/financial material/.publishing-build-20260908/KECA-02.md,"Conversion, rendering or production record",None
KECA-03.md,C:/Users/Nevo/Downloads/financial material/.publishing-build-20260908,C:/Users/Nevo/Downloads/financial material/.publishing-build-20260908/KECA-03.md,"Conversion, rendering or production record",None
KECA-04.md,C:/Users/Nevo/Downloads/financial material/.publishing-build-20260908,C:/Users/Nevo/Downloads/financial material/.publishing-build-20260908/KECA-04.md,"Conversion, rendering or production record",None
KTHF-01.md,C:/Users/Nevo/Downloads/financial material/.publishing-build-20260908,C:/Users/Nevo/Downloads/financial material/.publishing-build-20260908/KTHF-01.md,"Conversion, rendering or production record",None
KTHF-02.md,C:/Users/Nevo/Downloads/financial material/.publishing-build-20260908,C:/Users/Nevo/Downloads/financial material/.publishing-build-20260908/KTHF-02.md,"Conversion, rendering or production record",None
KTHF-03.md,C:/Users/Nevo/Downloads/financial material/.publishing-build-20260908,C:/Users/Nevo/Downloads/financial material/.publishing-build-20260908/KTHF-03.md,"Conversion, rendering or production record",None
KTHF-04.md,C:/Users/Nevo/Downloads/financial material/.publishing-build-20260908,C:/Users/Nevo/Downloads/financial material/.publishing-build-20260908/KTHF-04.md,"Conversion, rendering or production record",None
extracted.txt,C:/Users/Nevo/Downloads/financial material/.publishing-build-20260908/pages/AMBC-01,C:/Users/Nevo/Downloads/financial material/.publishing-build-20260908/pages/AMBC-01/extracted.txt,"Conversion, rendering or production record",None
page-1.png,C:/Users/Nevo/Downloads/financial material/.publishing-build-20260908/pages/AMBC-01,C:/Users/Nevo/Downloads/financial material/.publishing-build-20260908/pages/AMBC-01/page-1.png,"Conversion, rendering or production record",None
page-2.png,C:/Users/Nevo/Downloads/financial material/.publishing-build-20260908/pages/AMBC-01,C:/Users/Nevo/Downloads/financial material/.publishing-build-20260908/pages/AMBC-01/page-2.png,"Conversion, rendering or production record",None
page-3.png,C:/Users/Nevo/Downloads/financial material/.publishing-build-20260908/pages/AMBC-01,C:/Users/Nevo/Downloads/financial material/.publishing-build-20260908/pages/AMBC-01/page-3.png,"Conversion, rendering or production record",None
page-4.png,C:/Users/Nevo/Downloads/financial material/.publishing-build-20260908/pages/AMBC-01,C:/Users/Nevo/Downloads/financial material/.publishing-build-20260908/pages/AMBC-01/page-4.png,"Conversion, rendering or production record",None
page-5.png,C:/Users/Nevo/Downloads/financial material/.publishing-build-20260908/pages/AMBC-01,C:/Users/Nevo/Downloads/financial material/.publishing-build-20260908/pages/AMBC-01/page-5.png,"Conversion, rendering or production record",None
page-6.png,C:/Users/Nevo/Downloads/financial material/.publishing-build-20260908/pages/AMBC-01,C:/Users/Nevo/Downloads/financial material/.publishing-build-20260908/pages/AMBC-01/page-6.png,"Conversion, rendering or production record",None
page-7.png,C:/Users/Nevo/Downloads/financial material/.publishing-build-20260908/pages/AMBC-01,C:/Users/Nevo/Downloads/financial material/.publishing-build-20260908/pages/AMBC-01/page-7.png,"Conversion, rendering or production record",None
extracted.txt,C:/Users/Nevo/Downloads/financial material/.publishing-build-20260908/pages/AMBC-02,C:/Users/Nevo/Downloads/financial material/.publishing-build-20260908/pages/AMBC-02/extracted.txt,"Conversion, rendering or production record",None
page-1.png,C:/Users/Nevo/Downloads/financial material/.publishing-build-20260908/pages/AMBC-02,C:/Users/Nevo/Downloads/financial material/.publishing-build-20260908/pages/AMBC-02/page-1.png,"Conversion, rendering or production record",None
page-2.png,C:/Users/Nevo/Downloads/financial material/.publishing-build-20260908/pages/AMBC-02,C:/Users/Nevo/Downloads/financial material/.publishing-build-20260908/pages/AMBC-02/page-2.png,"Conversion, rendering or production record",None
page-3.png,C:/Users/Nevo/Downloads/financial material/.publishing-build-20260908/pages/AMBC-02,C:/Users/Nevo/Downloads/financial material/.publishing-build-20260908/pages/AMBC-02/page-3.png,"Conversion, rendering or production record",None
page-4.png,C:/Users/Nevo/Downloads/financial material/.publishing-build-20260908/pages/AMBC-02,C:/Users/Nevo/Downloads/financial material/.publishing-build-20260908/pages/AMBC-02/page-4.png,"Conversion, rendering or production record",None
page-5.png,C:/Users/Nevo/Downloads/financial material/.publishing-build-20260908/pages/AMBC-02,C:/Users/Nevo/Downloads/financial material/.publishing-build-20260908/pages/AMBC-02/page-5.png,"Conversion, rendering or production record",None
page-6.png,C:/Users/Nevo/Downloads/financial material/.publishing-build-20260908/pages/AMBC-02,C:/Users/Nevo/Downloads/financial material/.publishing-build-20260908/pages/AMBC-02/page-6.png,"Conversion, rendering or production record",None
page-7.png,C:/Users/Nevo/Downloads/financial material/.publishing-build-20260908/pages/AMBC-02,C:/Users/Nevo/Downloads/financial material/.publishing-build-20260908/pages/AMBC-02/page-7.png,"Conversion, rendering or production record",None
extracted.txt,C:/Users/Nevo/Downloads/financial material/.publishing-build-20260908/pages/IIDF-01,C:/Users/Nevo/Downloads/financial material/.publishing-build-20260908/pages/IIDF-01/extracted.txt,"Conversion, rendering or production record",None
page-1.png,C:/Users/Nevo/Downloads/financial material/.publishing-build-20260908/pages/IIDF-01,C:/Users/Nevo/Downloads/financial material/.publishing-build-20260908/pages/IIDF-01/page-1.png,"Conversion, rendering or production record",None
page-10.png,C:/Users/Nevo/Downloads/financial material/.publishing-build-20260908/pages/IIDF-01,C:/Users/Nevo/Downloads/financial material/.publishing-build-20260908/pages/IIDF-01/page-10.png,"Conversion, rendering or production record",None
page-2.png,C:/Users/Nevo/Downloads/financial material/.publishing-build-20260908/pages/IIDF-01,C:/Users/Nevo/Downloads/financial material/.publishing-build-20260908/pages/IIDF-01/page-2.png,"Conversion, rendering or production record",None
page-3.png,C:/Users/Nevo/Downloads/financial material/.publishing-build-20260908/pages/IIDF-01,C:/Users/Nevo/Downloads/financial material/.publishing-build-20260908/pages/IIDF-01/page-3.png,"Conversion, rendering or production record",None
page-4.png,C:/Users/Nevo/Downloads/financial material/.publishing-build-20260908/pages/IIDF-01,C:/Users/Nevo/Downloads/financial material/.publishing-build-20260908/pages/IIDF-01/page-4.png,"Conversion, rendering or production record",None
page-5.png,C:/Users/Nevo/Downloads/financial material/.publishing-build-20260908/pages/IIDF-01,C:/Users/Nevo/Downloads/financial material/.publishing-build-20260908/pages/IIDF-01/page-5.png,"Conversion, rendering or production record",None
page-6.png,C:/Users/Nevo/Downloads/financial material/.publishing-build-20260908/pages/IIDF-01,C:/Users/Nevo/Downloads/financial material/.publishing-build-20260908/pages/IIDF-01/page-6.png,"Conversion, rendering or production record",None
page-7.png,C:/Users/Nevo/Downloads/financial material/.publishing-build-20260908/pages/IIDF-01,C:/Users/Nevo/Downloads/financial material/.publishing-build-20260908/pages/IIDF-01/page-7.png,"Conversion, rendering or production record",None
page-8.png,C:/Users/Nevo/Downloads/financial material/.publishing-build-20260908/pages/IIDF-01,C:/Users/Nevo/Downloads/financial material/.publishing-build-20260908/pages/IIDF-01/page-8.png,"Conversion, rendering or production record",None
page-9.png,C:/Users/Nevo/Downloads/financial material/.publishing-build-20260908/pages/IIDF-01,C:/Users/Nevo/Downloads/financial material/.publishing-build-20260908/pages/IIDF-01/page-9.png,"Conversion, rendering or production record",None
extracted.txt,C:/Users/Nevo/Downloads/financial material/.publishing-build-20260908/pages/IIDF-02,C:/Users/Nevo/Downloads/financial material/.publishing-build-20260908/pages/IIDF-02/extracted.txt,"Conversion, rendering or production record",None
page-1.png,C:/Users/Nevo/Downloads/financial material/.publishing-build-20260908/pages/IIDF-02,C:/Users/Nevo/Downloads/financial material/.publishing-build-20260908/pages/IIDF-02/page-1.png,"Conversion, rendering or production record",None
page-10.png,C:/Users/Nevo/Downloads/financial material/.publishing-build-20260908/pages/IIDF-02,C:/Users/Nevo/Downloads/financial material/.publishing-build-20260908/pages/IIDF-02/page-10.png,"Conversion, rendering or production record",None
page-2.png,C:/Users/Nevo/Downloads/financial material/.publishing-build-20260908/pages/IIDF-02,C:/Users/Nevo/Downloads/financial material/.publishing-build-20260908/pages/IIDF-02/page-2.png,"Conversion, rendering or production record",None
page-3.png,C:/Users/Nevo/Downloads/financial material/.publishing-build-20260908/pages/IIDF-02,C:/Users/Nevo/Downloads/financial material/.publishing-build-20260908/pages/IIDF-02/page-3.png,"Conversion, rendering or production record",None
page-4.png,C:/Users/Nevo/Downloads/financial material/.publishing-build-20260908/pages/IIDF-02,C:/Users/Nevo/Downloads/financial material/.publishing-build-20260908/pages/IIDF-02/page-4.png,"Conversion, rendering or production record",None
page-5.png,C:/Users/Nevo/Downloads/financial material/.publishing-build-20260908/pages/IIDF-02,C:/Users/Nevo/Downloads/financial material/.publishing-build-20260908/pages/IIDF-02/page-5.png,"Conversion, rendering or production record",None
page-6.png,C:/Users/Nevo/Downloads/financial material/.publishing-build-20260908/pages/IIDF-02,C:/Users/Nevo/Downloads/financial material/.publishing-build-20260908/pages/IIDF-02/page-6.png,"Conversion, rendering or production record",None
page-7.png,C:/Users/Nevo/Downloads/financial material/.publishing-build-20260908/pages/IIDF-02,C:/Users/Nevo/Downloads/financial material/.publishing-build-20260908/pages/IIDF-02/page-7.png,"Conversion, rendering or production record",None
page-8.png,C:/Users/Nevo/Downloads/financial material/.publishing-build-20260908/pages/IIDF-02,C:/Users/Nevo/Downloads/financial material/.publishing-build-20260908/pages/IIDF-02/page-8.png,"Conversion, rendering or production record",None
page-9.png,C:/Users/Nevo/Downloads/financial material/.publishing-build-20260908/pages/IIDF-02,C:/Users/Nevo/Downloads/financial material/.publishing-build-20260908/pages/IIDF-02/page-9.png,"Conversion, rendering or production record",None
extracted.txt,C:/Users/Nevo/Downloads/financial material/.publishing-build-20260908/pages/IIDF-03,C:/Users/Nevo/Downloads/financial material/.publishing-build-20260908/pages/IIDF-03/extracted.txt,"Conversion, rendering or production record",None
page-1.png,C:/Users/Nevo/Downloads/financial material/.publishing-build-20260908/pages/IIDF-03,C:/Users/Nevo/Downloads/financial material/.publishing-build-20260908/pages/IIDF-03/page-1.png,"Conversion, rendering or production record",None
page-10.png,C:/Users/Nevo/Downloads/financial material/.publishing-build-20260908/pages/IIDF-03,C:/Users/Nevo/Downloads/financial material/.publishing-build-20260908/pages/IIDF-03/page-10.png,"Conversion, rendering or production record",None
page-11.png,C:/Users/Nevo/Downloads/financial material/.publishing-build-20260908/pages/IIDF-03,C:/Users/Nevo/Downloads/financial material/.publishing-build-20260908/pages/IIDF-03/page-11.png,"Conversion, rendering or production record",None
page-2.png,C:/Users/Nevo/Downloads/financial material/.publishing-build-20260908/pages/IIDF-03,C:/Users/Nevo/Downloads/financial material/.publishing-build-20260908/pages/IIDF-03/page-2.png,"Conversion, rendering or production record",None
page-3.png,C:/Users/Nevo/Downloads/financial material/.publishing-build-20260908/pages/IIDF-03,C:/Users/Nevo/Downloads/financial material/.publishing-build-20260908/pages/IIDF-03/page-3.png,"Conversion, rendering or production record",None
page-4.png,C:/Users/Nevo/Downloads/financial material/.publishing-build-20260908/pages/IIDF-03,C:/Users/Nevo/Downloads/financial material/.publishing-build-20260908/pages/IIDF-03/page-4.png,"Conversion, rendering or production record",None
page-5.png,C:/Users/Nevo/Downloads/financial material/.publishing-build-20260908/pages/IIDF-03,C:/Users/Nevo/Downloads/financial material/.publishing-build-20260908/pages/IIDF-03/page-5.png,"Conversion, rendering or production record",None
page-6.png,C:/Users/Nevo/Downloads/financial material/.publishing-build-20260908/pages/IIDF-03,C:/Users/Nevo/Downloads/financial material/.publishing-build-20260908/pages/IIDF-03/page-6.png,"Conversion, rendering or production record",None
page-7.png,C:/Users/Nevo/Downloads/financial material/.publishing-build-20260908/pages/IIDF-03,C:/Users/Nevo/Downloads/financial material/.publishing-build-20260908/pages/IIDF-03/page-7.png,"Conversion, rendering or production record",None
page-8.png,C:/Users/Nevo/Downloads/financial material/.publishing-build-20260908/pages/IIDF-03,C:/Users/Nevo/Downloads/financial material/.publishing-build-20260908/pages/IIDF-03/page-8.png,"Conversion, rendering or production record",None
page-9.png,C:/Users/Nevo/Downloads/financial material/.publishing-build-20260908/pages/IIDF-03,C:/Users/Nevo/Downloads/financial material/.publishing-build-20260908/pages/IIDF-03/page-9.png,"Conversion, rendering or production record",None
extracted.txt,C:/Users/Nevo/Downloads/financial material/.publishing-build-20260908/pages/KECA-01,C:/Users/Nevo/Downloads/financial material/.publishing-build-20260908/pages/KECA-01/extracted.txt,"Conversion, rendering or production record",None
page-1.png,C:/Users/Nevo/Downloads/financial material/.publishing-build-20260908/pages/KECA-01,C:/Users/Nevo/Downloads/financial material/.publishing-build-20260908/pages/KECA-01/page-1.png,"Conversion, rendering or production record",None
page-10.png,C:/Users/Nevo/Downloads/financial material/.publishing-build-20260908/pages/KECA-01,C:/Users/Nevo/Downloads/financial material/.publishing-build-20260908/pages/KECA-01/page-10.png,"Conversion, rendering or production record",None
page-11.png,C:/Users/Nevo/Downloads/financial material/.publishing-build-20260908/pages/KECA-01,C:/Users/Nevo/Downloads/financial material/.publishing-build-20260908/pages/KECA-01/page-11.png,"Conversion, rendering or production record",None
page-12.png,C:/Users/Nevo/Downloads/financial material/.publishing-build-20260908/pages/KECA-01,C:/Users/Nevo/Downloads/financial material/.publishing-build-20260908/pages/KECA-01/page-12.png,"Conversion, rendering or production record",None
page-13.png,C:/Users/Nevo/Downloads/financial material/.publishing-build-20260908/pages/KECA-01,C:/Users/Nevo/Downloads/financial material/.publishing-build-20260908/pages/KECA-01/page-13.png,"Conversion, rendering or production record",None
page-2.png,C:/Users/Nevo/Downloads/financial material/.publishing-build-20260908/pages/KECA-01,C:/Users/Nevo/Downloads/financial material/.publishing-build-20260908/pages/KECA-01/page-2.png,"Conversion, rendering or production record",None
page-3.png,C:/Users/Nevo/Downloads/financial material/.publishing-build-20260908/pages/KECA-01,C:/Users/Nevo/Downloads/financial material/.publishing-build-20260908/pages/KECA-01/page-3.png,"Conversion, rendering or production record",None
page-4.png,C:/Users/Nevo/Downloads/financial material/.publishing-build-20260908/pages/KECA-01,C:/Users/Nevo/Downloads/financial material/.publishing-build-20260908/pages/KECA-01/page-4.png,"Conversion, rendering or production record",None
page-5.png,C:/Users/Nevo/Downloads/financial material/.publishing-build-20260908/pages/KECA-01,C:/Users/Nevo/Downloads/financial material/.publishing-build-20260908/pages/KECA-01/page-5.png,"Conversion, rendering or production record",None
page-6.png,C:/Users/Nevo/Downloads/financial material/.publishing-build-20260908/pages/KECA-01,C:/Users/Nevo/Downloads/financial material/.publishing-build-20260908/pages/KECA-01/page-6.png,"Conversion, rendering or production record",None
page-7.png,C:/Users/Nevo/Downloads/financial material/.publishing-build-20260908/pages/KECA-01,C:/Users/Nevo/Downloads/financial material/.publishing-build-20260908/pages/KECA-01/page-7.png,"Conversion, rendering or production record",None
page-8.png,C:/Users/Nevo/Downloads/financial material/.publishing-build-20260908/pages/KECA-01,C:/Users/Nevo/Downloads/financial material/.publishing-build-20260908/pages/KECA-01/page-8.png,"Conversion, rendering or production record",None
page-9.png,C:/Users/Nevo/Downloads/financial material/.publishing-build-20260908/pages/KECA-01,C:/Users/Nevo/Downloads/financial material/.publishing-build-20260908/pages/KECA-01/page-9.png,"Conversion, rendering or production record",None
extracted.txt,C:/Users/Nevo/Downloads/financial material/.publishing-build-20260908/pages/KECA-02,C:/Users/Nevo/Downloads/financial material/.publishing-build-20260908/pages/KECA-02/extracted.txt,"Conversion, rendering or production record",None
page-1.png,C:/Users/Nevo/Downloads/financial material/.publishing-build-20260908/pages/KECA-02,C:/Users/Nevo/Downloads/financial material/.publishing-build-20260908/pages/KECA-02/page-1.png,"Conversion, rendering or production record",None
page-10.png,C:/Users/Nevo/Downloads/financial material/.publishing-build-20260908/pages/KECA-02,C:/Users/Nevo/Downloads/financial material/.publishing-build-20260908/pages/KECA-02/page-10.png,"Conversion, rendering or production record",None
page-11.png,C:/Users/Nevo/Downloads/financial material/.publishing-build-20260908/pages/KECA-02,C:/Users/Nevo/Downloads/financial material/.publishing-build-20260908/pages/KECA-02/page-11.png,"Conversion, rendering or production record",None
page-12.png,C:/Users/Nevo/Downloads/financial material/.publishing-build-20260908/pages/KECA-02,C:/Users/Nevo/Downloads/financial material/.publishing-build-20260908/pages/KECA-02/page-12.png,"Conversion, rendering or production record",None
page-13.png,C:/Users/Nevo/Downloads/financial material/.publishing-build-20260908/pages/KECA-02,C:/Users/Nevo/Downloads/financial material/.publishing-build-20260908/pages/KECA-02/page-13.png,"Conversion, rendering or production record",None
page-14.png,C:/Users/Nevo/Downloads/financial material/.publishing-build-20260908/pages/KECA-02,C:/Users/Nevo/Downloads/financial material/.publishing-build-20260908/pages/KECA-02/page-14.png,"Conversion, rendering or production record",None
page-15.png,C:/Users/Nevo/Downloads/financial material/.publishing-build-20260908/pages/KECA-02,C:/Users/Nevo/Downloads/financial material/.publishing-build-20260908/pages/KECA-02/page-15.png,"Conversion, rendering or production record",None
page-16.png,C:/Users/Nevo/Downloads/financial material/.publishing-build-20260908/pages/KECA-02,C:/Users/Nevo/Downloads/financial material/.publishing-build-20260908/pages/KECA-02/page-16.png,"Conversion, rendering or production record",None
page-17.png,C:/Users/Nevo/Downloads/financial material/.publishing-build-20260908/pages/KECA-02,C:/Users/Nevo/Downloads/financial material/.publishing-build-20260908/pages/KECA-02/page-17.png,"Conversion, rendering or production record",None
page-18.png,C:/Users/Nevo/Downloads/financial material/.publishing-build-20260908/pages/KECA-02,C:/Users/Nevo/Downloads/financial material/.publishing-build-20260908/pages/KECA-02/page-18.png,"Conversion, rendering or production record",None
page-19.png,C:/Users/Nevo/Downloads/financial material/.publishing-build-20260908/pages/KECA-02,C:/Users/Nevo/Downloads/financial material/.publishing-build-20260908/pages/KECA-02/page-19.png,"Conversion, rendering or production record",None
page-2.png,C:/Users/Nevo/Downloads/financial material/.publishing-build-20260908/pages/KECA-02,C:/Users/Nevo/Downloads/financial material/.publishing-build-20260908/pages/KECA-02/page-2.png,"Conversion, rendering or production record",None
page-20.png,C:/Users/Nevo/Downloads/financial material/.publishing-build-20260908/pages/KECA-02,C:/Users/Nevo/Downloads/financial material/.publishing-build-20260908/pages/KECA-02/page-20.png,"Conversion, rendering or production record",None
page-21.png,C:/Users/Nevo/Downloads/financial material/.publishing-build-20260908/pages/KECA-02,C:/Users/Nevo/Downloads/financial material/.publishing-build-20260908/pages/KECA-02/page-21.png,"Conversion, rendering or production record",None
page-22.png,C:/Users/Nevo/Downloads/financial material/.publishing-build-20260908/pages/KECA-02,C:/Users/Nevo/Downloads/financial material/.publishing-build-20260908/pages/KECA-02/page-22.png,"Conversion, rendering or production record",None
page-23.png,C:/Users/Nevo/Downloads/financial material/.publishing-build-20260908/pages/KECA-02,C:/Users/Nevo/Downloads/financial material/.publishing-build-20260908/pages/KECA-02/page-23.png,"Conversion, rendering or production record",None
page-24.png,C:/Users/Nevo/Downloads/financial material/.publishing-build-20260908/pages/KECA-02,C:/Users/Nevo/Downloads/financial material/.publishing-build-20260908/pages/KECA-02/page-24.png,"Conversion, rendering or production record",None
page-3.png,C:/Users/Nevo/Downloads/financial material/.publishing-build-20260908/pages/KECA-02,C:/Users/Nevo/Downloads/financial material/.publishing-build-20260908/pages/KECA-02/page-3.png,"Conversion, rendering or production record",None
page-4.png,C:/Users/Nevo/Downloads/financial material/.publishing-build-20260908/pages/KECA-02,C:/Users/Nevo/Downloads/financial material/.publishing-build-20260908/pages/KECA-02/page-4.png,"Conversion, rendering or production record",None
page-5.png,C:/Users/Nevo/Downloads/financial material/.publishing-build-20260908/pages/KECA-02,C:/Users/Nevo/Downloads/financial material/.publishing-build-20260908/pages/KECA-02/page-5.png,"Conversion, rendering or production record",None
page-6.png,C:/Users/Nevo/Downloads/financial material/.publishing-build-20260908/pages/KECA-02,C:/Users/Nevo/Downloads/financial material/.publishing-build-20260908/pages/KECA-02/page-6.png,"Conversion, rendering or production record",None
page-7.png,C:/Users/Nevo/Downloads/financial material/.publishing-build-20260908/pages/KECA-02,C:/Users/Nevo/Downloads/financial material/.publishing-build-20260908/pages/KECA-02/page-7.png,"Conversion, rendering or production record",None
page-8.png,C:/Users/Nevo/Downloads/financial material/.publishing-build-20260908/pages/KECA-02,C:/Users/Nevo/Downloads/financial material/.publishing-build-20260908/pages/KECA-02/page-8.png,"Conversion, rendering or production record",None
page-9.png,C:/Users/Nevo/Downloads/financial material/.publishing-build-20260908/pages/KECA-02,C:/Users/Nevo/Downloads/financial material/.publishing-build-20260908/pages/KECA-02/page-9.png,"Conversion, rendering or production record",None
extracted.txt,C:/Users/Nevo/Downloads/financial material/.publishing-build-20260908/pages/KECA-03,C:/Users/Nevo/Downloads/financial material/.publishing-build-20260908/pages/KECA-03/extracted.txt,"Conversion, rendering or production record",None
page-1.png,C:/Users/Nevo/Downloads/financial material/.publishing-build-20260908/pages/KECA-03,C:/Users/Nevo/Downloads/financial material/.publishing-build-20260908/pages/KECA-03/page-1.png,"Conversion, rendering or production record",None
page-10.png,C:/Users/Nevo/Downloads/financial material/.publishing-build-20260908/pages/KECA-03,C:/Users/Nevo/Downloads/financial material/.publishing-build-20260908/pages/KECA-03/page-10.png,"Conversion, rendering or production record",None
page-11.png,C:/Users/Nevo/Downloads/financial material/.publishing-build-20260908/pages/KECA-03,C:/Users/Nevo/Downloads/financial material/.publishing-build-20260908/pages/KECA-03/page-11.png,"Conversion, rendering or production record",None
page-12.png,C:/Users/Nevo/Downloads/financial material/.publishing-build-20260908/pages/KECA-03,C:/Users/Nevo/Downloads/financial material/.publishing-build-20260908/pages/KECA-03/page-12.png,"Conversion, rendering or production record",None
page-13.png,C:/Users/Nevo/Downloads/financial material/.publishing-build-20260908/pages/KECA-03,C:/Users/Nevo/Downloads/financial material/.publishing-build-20260908/pages/KECA-03/page-13.png,"Conversion, rendering or production record",None
page-14.png,C:/Users/Nevo/Downloads/financial material/.publishing-build-20260908/pages/KECA-03,C:/Users/Nevo/Downloads/financial material/.publishing-build-20260908/pages/KECA-03/page-14.png,"Conversion, rendering or production record",None
page-15.png,C:/Users/Nevo/Downloads/financial material/.publishing-build-20260908/pages/KECA-03,C:/Users/Nevo/Downloads/financial material/.publishing-build-20260908/pages/KECA-03/page-15.png,"Conversion, rendering or production record",None
page-16.png,C:/Users/Nevo/Downloads/financial material/.publishing-build-20260908/pages/KECA-03,C:/Users/Nevo/Downloads/financial material/.publishing-build-20260908/pages/KECA-03/page-16.png,"Conversion, rendering or production record",None
page-17.png,C:/Users/Nevo/Downloads/financial material/.publishing-build-20260908/pages/KECA-03,C:/Users/Nevo/Downloads/financial material/.publishing-build-20260908/pages/KECA-03/page-17.png,"Conversion, rendering or production record",None
page-18.png,C:/Users/Nevo/Downloads/financial material/.publishing-build-20260908/pages/KECA-03,C:/Users/Nevo/Downloads/financial material/.publishing-build-20260908/pages/KECA-03/page-18.png,"Conversion, rendering or production record",None
page-2.png,C:/Users/Nevo/Downloads/financial material/.publishing-build-20260908/pages/KECA-03,C:/Users/Nevo/Downloads/financial material/.publishing-build-20260908/pages/KECA-03/page-2.png,"Conversion, rendering or production record",None
page-3.png,C:/Users/Nevo/Downloads/financial material/.publishing-build-20260908/pages/KECA-03,C:/Users/Nevo/Downloads/financial material/.publishing-build-20260908/pages/KECA-03/page-3.png,"Conversion, rendering or production record",None
page-4.png,C:/Users/Nevo/Downloads/financial material/.publishing-build-20260908/pages/KECA-03,C:/Users/Nevo/Downloads/financial material/.publishing-build-20260908/pages/KECA-03/page-4.png,"Conversion, rendering or production record",None
page-5.png,C:/Users/Nevo/Downloads/financial material/.publishing-build-20260908/pages/KECA-03,C:/Users/Nevo/Downloads/financial material/.publishing-build-20260908/pages/KECA-03/page-5.png,"Conversion, rendering or production record",None
page-6.png,C:/Users/Nevo/Downloads/financial material/.publishing-build-20260908/pages/KECA-03,C:/Users/Nevo/Downloads/financial material/.publishing-build-20260908/pages/KECA-03/page-6.png,"Conversion, rendering or production record",None
page-7.png,C:/Users/Nevo/Downloads/financial material/.publishing-build-20260908/pages/KECA-03,C:/Users/Nevo/Downloads/financial material/.publishing-build-20260908/pages/KECA-03/page-7.png,"Conversion, rendering or production record",None
page-8.png,C:/Users/Nevo/Downloads/financial material/.publishing-build-20260908/pages/KECA-03,C:/Users/Nevo/Downloads/financial material/.publishing-build-20260908/pages/KECA-03/page-8.png,"Conversion, rendering or production record",None
page-9.png,C:/Users/Nevo/Downloads/financial material/.publishing-build-20260908/pages/KECA-03,C:/Users/Nevo/Downloads/financial material/.publishing-build-20260908/pages/KECA-03/page-9.png,"Conversion, rendering or production record",None
extracted.txt,C:/Users/Nevo/Downloads/financial material/.publishing-build-20260908/pages/KECA-04,C:/Users/Nevo/Downloads/financial material/.publishing-build-20260908/pages/KECA-04/extracted.txt,"Conversion, rendering or production record",None
page-1.png,C:/Users/Nevo/Downloads/financial material/.publishing-build-20260908/pages/KECA-04,C:/Users/Nevo/Downloads/financial material/.publishing-build-20260908/pages/KECA-04/page-1.png,"Conversion, rendering or production record",None
page-10.png,C:/Users/Nevo/Downloads/financial material/.publishing-build-20260908/pages/KECA-04,C:/Users/Nevo/Downloads/financial material/.publishing-build-20260908/pages/KECA-04/page-10.png,"Conversion, rendering or production record",None
page-11.png,C:/Users/Nevo/Downloads/financial material/.publishing-build-20260908/pages/KECA-04,C:/Users/Nevo/Downloads/financial material/.publishing-build-20260908/pages/KECA-04/page-11.png,"Conversion, rendering or production record",None
page-12.png,C:/Users/Nevo/Downloads/financial material/.publishing-build-20260908/pages/KECA-04,C:/Users/Nevo/Downloads/financial material/.publishing-build-20260908/pages/KECA-04/page-12.png,"Conversion, rendering or production record",None
page-13.png,C:/Users/Nevo/Downloads/financial material/.publishing-build-20260908/pages/KECA-04,C:/Users/Nevo/Downloads/financial material/.publishing-build-20260908/pages/KECA-04/page-13.png,"Conversion, rendering or production record",None
page-14.png,C:/Users/Nevo/Downloads/financial material/.publishing-build-20260908/pages/KECA-04,C:/Users/Nevo/Downloads/financial material/.publishing-build-20260908/pages/KECA-04/page-14.png,"Conversion, rendering or production record",None
page-15.png,C:/Users/Nevo/Downloads/financial material/.publishing-build-20260908/pages/KECA-04,C:/Users/Nevo/Downloads/financial material/.publishing-build-20260908/pages/KECA-04/page-15.png,"Conversion, rendering or production record",None
page-2.png,C:/Users/Nevo/Downloads/financial material/.publishing-build-20260908/pages/KECA-04,C:/Users/Nevo/Downloads/financial material/.publishing-build-20260908/pages/KECA-04/page-2.png,"Conversion, rendering or production record",None
page-3.png,C:/Users/Nevo/Downloads/financial material/.publishing-build-20260908/pages/KECA-04,C:/Users/Nevo/Downloads/financial material/.publishing-build-20260908/pages/KECA-04/page-3.png,"Conversion, rendering or production record",None
page-4.png,C:/Users/Nevo/Downloads/financial material/.publishing-build-20260908/pages/KECA-04,C:/Users/Nevo/Downloads/financial material/.publishing-build-20260908/pages/KECA-04/page-4.png,"Conversion, rendering or production record",None
page-5.png,C:/Users/Nevo/Downloads/financial material/.publishing-build-20260908/pages/KECA-04,C:/Users/Nevo/Downloads/financial material/.publishing-build-20260908/pages/KECA-04/page-5.png,"Conversion, rendering or production record",None
page-6.png,C:/Users/Nevo/Downloads/financial material/.publishing-build-20260908/pages/KECA-04,C:/Users/Nevo/Downloads/financial material/.publishing-build-20260908/pages/KECA-04/page-6.png,"Conversion, rendering or production record",None
page-7.png,C:/Users/Nevo/Downloads/financial material/.publishing-build-20260908/pages/KECA-04,C:/Users/Nevo/Downloads/financial material/.publishing-build-20260908/pages/KECA-04/page-7.png,"Conversion, rendering or production record",None
page-8.png,C:/Users/Nevo/Downloads/financial material/.publishing-build-20260908/pages/KECA-04,C:/Users/Nevo/Downloads/financial material/.publishing-build-20260908/pages/KECA-04/page-8.png,"Conversion, rendering or production record",None
page-9.png,C:/Users/Nevo/Downloads/financial material/.publishing-build-20260908/pages/KECA-04,C:/Users/Nevo/Downloads/financial material/.publishing-build-20260908/pages/KECA-04/page-9.png,"Conversion, rendering or production record",None
extracted.txt,C:/Users/Nevo/Downloads/financial material/.publishing-build-20260908/pages/KTHF-01,C:/Users/Nevo/Downloads/financial material/.publishing-build-20260908/pages/KTHF-01/extracted.txt,"Conversion, rendering or production record",None
page-1.png,C:/Users/Nevo/Downloads/financial material/.publishing-build-20260908/pages/KTHF-01,C:/Users/Nevo/Downloads/financial material/.publishing-build-20260908/pages/KTHF-01/page-1.png,"Conversion, rendering or production record",None
page-10.png,C:/Users/Nevo/Downloads/financial material/.publishing-build-20260908/pages/KTHF-01,C:/Users/Nevo/Downloads/financial material/.publishing-build-20260908/pages/KTHF-01/page-10.png,"Conversion, rendering or production record",None
page-11.png,C:/Users/Nevo/Downloads/financial material/.publishing-build-20260908/pages/KTHF-01,C:/Users/Nevo/Downloads/financial material/.publishing-build-20260908/pages/KTHF-01/page-11.png,"Conversion, rendering or production record",None
page-2.png,C:/Users/Nevo/Downloads/financial material/.publishing-build-20260908/pages/KTHF-01,C:/Users/Nevo/Downloads/financial material/.publishing-build-20260908/pages/KTHF-01/page-2.png,"Conversion, rendering or production record",None
page-3.png,C:/Users/Nevo/Downloads/financial material/.publishing-build-20260908/pages/KTHF-01,C:/Users/Nevo/Downloads/financial material/.publishing-build-20260908/pages/KTHF-01/page-3.png,"Conversion, rendering or production record",None
page-4.png,C:/Users/Nevo/Downloads/financial material/.publishing-build-20260908/pages/KTHF-01,C:/Users/Nevo/Downloads/financial material/.publishing-build-20260908/pages/KTHF-01/page-4.png,"Conversion, rendering or production record",None
page-5.png,C:/Users/Nevo/Downloads/financial material/.publishing-build-20260908/pages/KTHF-01,C:/Users/Nevo/Downloads/financial material/.publishing-build-20260908/pages/KTHF-01/page-5.png,"Conversion, rendering or production record",None
page-6.png,C:/Users/Nevo/Downloads/financial material/.publishing-build-20260908/pages/KTHF-01,C:/Users/Nevo/Downloads/financial material/.publishing-build-20260908/pages/KTHF-01/page-6.png,"Conversion, rendering or production record",None
page-7.png,C:/Users/Nevo/Downloads/financial material/.publishing-build-20260908/pages/KTHF-01,C:/Users/Nevo/Downloads/financial material/.publishing-build-20260908/pages/KTHF-01/page-7.png,"Conversion, rendering or production record",None
page-8.png,C:/Users/Nevo/Downloads/financial material/.publishing-build-20260908/pages/KTHF-01,C:/Users/Nevo/Downloads/financial material/.publishing-build-20260908/pages/KTHF-01/page-8.png,"Conversion, rendering or production record",None
page-9.png,C:/Users/Nevo/Downloads/financial material/.publishing-build-20260908/pages/KTHF-01,C:/Users/Nevo/Downloads/financial material/.publishing-build-20260908/pages/KTHF-01/page-9.png,"Conversion, rendering or production record",None
extracted.txt,C:/Users/Nevo/Downloads/financial material/.publishing-build-20260908/pages/KTHF-02,C:/Users/Nevo/Downloads/financial material/.publishing-build-20260908/pages/KTHF-02/extracted.txt,"Conversion, rendering or production record",None
page-1.png,C:/Users/Nevo/Downloads/financial material/.publishing-build-20260908/pages/KTHF-02,C:/Users/Nevo/Downloads/financial material/.publishing-build-20260908/pages/KTHF-02/page-1.png,"Conversion, rendering or production record",None
page-10.png,C:/Users/Nevo/Downloads/financial material/.publishing-build-20260908/pages/KTHF-02,C:/Users/Nevo/Downloads/financial material/.publishing-build-20260908/pages/KTHF-02/page-10.png,"Conversion, rendering or production record",None
page-11.png,C:/Users/Nevo/Downloads/financial material/.publishing-build-20260908/pages/KTHF-02,C:/Users/Nevo/Downloads/financial material/.publishing-build-20260908/pages/KTHF-02/page-11.png,"Conversion, rendering or production record",None
page-2.png,C:/Users/Nevo/Downloads/financial material/.publishing-build-20260908/pages/KTHF-02,C:/Users/Nevo/Downloads/financial material/.publishing-build-20260908/pages/KTHF-02/page-2.png,"Conversion, rendering or production record",None
page-3.png,C:/Users/Nevo/Downloads/financial material/.publishing-build-20260908/pages/KTHF-02,C:/Users/Nevo/Downloads/financial material/.publishing-build-20260908/pages/KTHF-02/page-3.png,"Conversion, rendering or production record",None
page-4.png,C:/Users/Nevo/Downloads/financial material/.publishing-build-20260908/pages/KTHF-02,C:/Users/Nevo/Downloads/financial material/.publishing-build-20260908/pages/KTHF-02/page-4.png,"Conversion, rendering or production record",None
page-5.png,C:/Users/Nevo/Downloads/financial material/.publishing-build-20260908/pages/KTHF-02,C:/Users/Nevo/Downloads/financial material/.publishing-build-20260908/pages/KTHF-02/page-5.png,"Conversion, rendering or production record",None
page-6.png,C:/Users/Nevo/Downloads/financial material/.publishing-build-20260908/pages/KTHF-02,C:/Users/Nevo/Downloads/financial material/.publishing-build-20260908/pages/KTHF-02/page-6.png,"Conversion, rendering or production record",None
page-7.png,C:/Users/Nevo/Downloads/financial material/.publishing-build-20260908/pages/KTHF-02,C:/Users/Nevo/Downloads/financial material/.publishing-build-20260908/pages/KTHF-02/page-7.png,"Conversion, rendering or production record",None
page-8.png,C:/Users/Nevo/Downloads/financial material/.publishing-build-20260908/pages/KTHF-02,C:/Users/Nevo/Downloads/financial material/.publishing-build-20260908/pages/KTHF-02/page-8.png,"Conversion, rendering or production record",None
page-9.png,C:/Users/Nevo/Downloads/financial material/.publishing-build-20260908/pages/KTHF-02,C:/Users/Nevo/Downloads/financial material/.publishing-build-20260908/pages/KTHF-02/page-9.png,"Conversion, rendering or production record",None
extracted.txt,C:/Users/Nevo/Downloads/financial material/.publishing-build-20260908/pages/KTHF-03,C:/Users/Nevo/Downloads/financial material/.publishing-build-20260908/pages/KTHF-03/extracted.txt,"Conversion, rendering or production record",None
page-1.png,C:/Users/Nevo/Downloads/financial material/.publishing-build-20260908/pages/KTHF-03,C:/Users/Nevo/Downloads/financial material/.publishing-build-20260908/pages/KTHF-03/page-1.png,"Conversion, rendering or production record",None
page-10.png,C:/Users/Nevo/Downloads/financial material/.publishing-build-20260908/pages/KTHF-03,C:/Users/Nevo/Downloads/financial material/.publishing-build-20260908/pages/KTHF-03/page-10.png,"Conversion, rendering or production record",None
page-11.png,C:/Users/Nevo/Downloads/financial material/.publishing-build-20260908/pages/KTHF-03,C:/Users/Nevo/Downloads/financial material/.publishing-build-20260908/pages/KTHF-03/page-11.png,"Conversion, rendering or production record",None
page-12.png,C:/Users/Nevo/Downloads/financial material/.publishing-build-20260908/pages/KTHF-03,C:/Users/Nevo/Downloads/financial material/.publishing-build-20260908/pages/KTHF-03/page-12.png,"Conversion, rendering or production record",None
page-2.png,C:/Users/Nevo/Downloads/financial material/.publishing-build-20260908/pages/KTHF-03,C:/Users/Nevo/Downloads/financial material/.publishing-build-20260908/pages/KTHF-03/page-2.png,"Conversion, rendering or production record",None
page-3.png,C:/Users/Nevo/Downloads/financial material/.publishing-build-20260908/pages/KTHF-03,C:/Users/Nevo/Downloads/financial material/.publishing-build-20260908/pages/KTHF-03/page-3.png,"Conversion, rendering or production record",None
page-4.png,C:/Users/Nevo/Downloads/financial material/.publishing-build-20260908/pages/KTHF-03,C:/Users/Nevo/Downloads/financial material/.publishing-build-20260908/pages/KTHF-03/page-4.png,"Conversion, rendering or production record",None
page-5.png,C:/Users/Nevo/Downloads/financial material/.publishing-build-20260908/pages/KTHF-03,C:/Users/Nevo/Downloads/financial material/.publishing-build-20260908/pages/KTHF-03/page-5.png,"Conversion, rendering or production record",None
page-6.png,C:/Users/Nevo/Downloads/financial material/.publishing-build-20260908/pages/KTHF-03,C:/Users/Nevo/Downloads/financial material/.publishing-build-20260908/pages/KTHF-03/page-6.png,"Conversion, rendering or production record",None
page-7.png,C:/Users/Nevo/Downloads/financial material/.publishing-build-20260908/pages/KTHF-03,C:/Users/Nevo/Downloads/financial material/.publishing-build-20260908/pages/KTHF-03/page-7.png,"Conversion, rendering or production record",None
page-8.png,C:/Users/Nevo/Downloads/financial material/.publishing-build-20260908/pages/KTHF-03,C:/Users/Nevo/Downloads/financial material/.publishing-build-20260908/pages/KTHF-03/page-8.png,"Conversion, rendering or production record",None
page-9.png,C:/Users/Nevo/Downloads/financial material/.publishing-build-20260908/pages/KTHF-03,C:/Users/Nevo/Downloads/financial material/.publishing-build-20260908/pages/KTHF-03/page-9.png,"Conversion, rendering or production record",None
extracted.txt,C:/Users/Nevo/Downloads/financial material/.publishing-build-20260908/pages/KTHF-04,C:/Users/Nevo/Downloads/financial material/.publishing-build-20260908/pages/KTHF-04/extracted.txt,"Conversion, rendering or production record",None
page-1.png,C:/Users/Nevo/Downloads/financial material/.publishing-build-20260908/pages/KTHF-04,C:/Users/Nevo/Downloads/financial material/.publishing-build-20260908/pages/KTHF-04/page-1.png,"Conversion, rendering or production record",None
page-10.png,C:/Users/Nevo/Downloads/financial material/.publishing-build-20260908/pages/KTHF-04,C:/Users/Nevo/Downloads/financial material/.publishing-build-20260908/pages/KTHF-04/page-10.png,"Conversion, rendering or production record",None
page-11.png,C:/Users/Nevo/Downloads/financial material/.publishing-build-20260908/pages/KTHF-04,C:/Users/Nevo/Downloads/financial material/.publishing-build-20260908/pages/KTHF-04/page-11.png,"Conversion, rendering or production record",None
page-2.png,C:/Users/Nevo/Downloads/financial material/.publishing-build-20260908/pages/KTHF-04,C:/Users/Nevo/Downloads/financial material/.publishing-build-20260908/pages/KTHF-04/page-2.png,"Conversion, rendering or production record",None
page-3.png,C:/Users/Nevo/Downloads/financial material/.publishing-build-20260908/pages/KTHF-04,C:/Users/Nevo/Downloads/financial material/.publishing-build-20260908/pages/KTHF-04/page-3.png,"Conversion, rendering or production record",None
page-4.png,C:/Users/Nevo/Downloads/financial material/.publishing-build-20260908/pages/KTHF-04,C:/Users/Nevo/Downloads/financial material/.publishing-build-20260908/pages/KTHF-04/page-4.png,"Conversion, rendering or production record",None
page-5.png,C:/Users/Nevo/Downloads/financial material/.publishing-build-20260908/pages/KTHF-04,C:/Users/Nevo/Downloads/financial material/.publishing-build-20260908/pages/KTHF-04/page-5.png,"Conversion, rendering or production record",None
page-6.png,C:/Users/Nevo/Downloads/financial material/.publishing-build-20260908/pages/KTHF-04,C:/Users/Nevo/Downloads/financial material/.publishing-build-20260908/pages/KTHF-04/page-6.png,"Conversion, rendering or production record",None
page-7.png,C:/Users/Nevo/Downloads/financial material/.publishing-build-20260908/pages/KTHF-04,C:/Users/Nevo/Downloads/financial material/.publishing-build-20260908/pages/KTHF-04/page-7.png,"Conversion, rendering or production record",None
page-8.png,C:/Users/Nevo/Downloads/financial material/.publishing-build-20260908/pages/KTHF-04,C:/Users/Nevo/Downloads/financial material/.publishing-build-20260908/pages/KTHF-04/page-8.png,"Conversion, rendering or production record",None
page-9.png,C:/Users/Nevo/Downloads/financial material/.publishing-build-20260908/pages/KTHF-04,C:/Users/Nevo/Downloads/financial material/.publishing-build-20260908/pages/KTHF-04/page-9.png,"Conversion, rendering or production record",None
prepare.py,C:/Users/Nevo/Downloads/financial material/.publishing-build-20260908,C:/Users/Nevo/Downloads/financial material/.publishing-build-20260908/prepare.py,"Conversion, rendering or production record",None
projects.json,C:/Users/Nevo/Downloads/financial material/.publishing-build-20260908,C:/Users/Nevo/Downloads/financial material/.publishing-build-20260908/projects.json,"Conversion, rendering or production record",None
refine_plans.py,C:/Users/Nevo/Downloads/financial material/.publishing-build-20260908,C:/Users/Nevo/Downloads/financial material/.publishing-build-20260908/refine_plans.py,"Conversion, rendering or production record",None
render_and_index.py,C:/Users/Nevo/Downloads/financial material/.publishing-build-20260908,C:/Users/Nevo/Downloads/financial material/.publishing-build-20260908/render_and_index.py,"Conversion, rendering or production record",None
render_results.json,C:/Users/Nevo/Downloads/financial material/.publishing-build-20260908,C:/Users/Nevo/Downloads/financial material/.publishing-build-20260908/render_results.json,"Conversion, rendering or production record",None
word-export.json,C:/Users/Nevo/Downloads/financial material/.publishing-build-20260908,C:/Users/Nevo/Downloads/financial material/.publishing-build-20260908/word-export.json,"Conversion, rendering or production record",None
